leaked_email,leaked_password_hash,source
stephenmadden958@gmx.com,e44f5909784e816b29022b3930df970dc09b49ceb6e8735f89c36169995a02f8,HaveIBeenPwned_Compilation_2026
josephanderson765@yandex.com,862eef7150eb6c6dfc4eda26c50a99242ca58fa714c08a25fe2aa4482758c19d,HaveIBeenPwned_Compilation_2026
joseph70597@fastmail.com,f59084474cc70938451888fe980e7476f2c9b2a2dea291b0f8362913f3fa9046,HaveIBeenPwned_Compilation_2026
kellis714@techcorp.io,463d4e74dc1d4c15a12219654a25b5a7fde36876631d4f162f25fede54a9b237,HaveIBeenPwned_Compilation_2026
bradley10434@fastmail.com,51f5a5dce6eee03669b2c566ead8030bdd7c78fff0c11c40e237a21332d004ea,HaveIBeenPwned_Compilation_2026
stephaniethomas900@fastmail.com,278edd9a623fb001b882d914b77cda2446a93cfad6a5c3e195c44b8d21a95d6e,HaveIBeenPwned_Compilation_2026
rmills689@zoho.com,a2f2fb0dd5bd7305b8e670fa3457a08f32f6d3cba754f229245e9da50638983a,HaveIBeenPwned_Compilation_2026
cynthia55651@fastmail.com,2e74dc31c09c20134dc7d7d1b128445e3f14d2e470eaf15f8e492c092296081d,HaveIBeenPwned_Compilation_2026
michael43518@yandex.com,ee8c6f90412d7aa752572bf7477e9b499e52b1a2cc20c128061a068b27e5b7d7,HaveIBeenPwned_Compilation_2026
chadsullivan218@umbrella.net,56b7930f86f6f5506cd099003cbe38a66b2c8e65a5b1b02e06010f58202432f9,HaveIBeenPwned_Compilation_2026
james80103@oscorp.com,f537ff6050575dfd9d15f544ed67522c4f45ecf74a5998fd1f7fbc6f4d5ed7ca,HaveIBeenPwned_Compilation_2026
sanderswayne684@gmail.com,457baa33b526f294f13a63fc51f84cec9494d17429a3522796d5913d765be486,HaveIBeenPwned_Compilation_2026
tina.martin@acme.com,c6a547470cf4656bfeeb6e9a17dfa28069d61e4f02a3bd0a819f84e84aff9b3a,HaveIBeenPwned_Compilation_2026
kimberly04256@initech.com,db70a520342d749095129c511375b492685a2e262b13ab1c59082164131ca667,HaveIBeenPwned_Compilation_2026
howardjose245@cyberdyne.com,ef83918442e743abbbb16a818db693e9f07d86efd673d6e00fb0d2bd59bd1687,HaveIBeenPwned_Compilation_2026
browntimothy882@stark-industries.com,094de78573a8808b54968960baefb1fd8c988974b1fc7a028e71914f6f6ecbfc,HaveIBeenPwned_Compilation_2026
scott.reed@acme.com,851773f51a7416088d77498c44cb0175987694a5ebc49ee9a12c8e887870be9c,HaveIBeenPwned_Compilation_2026
glopez485@fastmail.com,934d2f842e5b13358ea11a3f429c4d8607c3cf907343b3aa4ec049de777b91b0,HaveIBeenPwned_Compilation_2026
vazquezkristina915@gmail.com,b8af703318ea507d841839e828e11c06409af34de5b3b876b9f455779a765524,HaveIBeenPwned_Compilation_2026
beckystanley596@weyland-yutani.com,4377e283e969f954fde7d75f6f23d8b3e234f231757074a8d94dafa5b20714fd,HaveIBeenPwned_Compilation_2026
peter98442@weyland-yutani.com,a28ed9a1e0197c535b0920446efe2b371ece0cef0a3939e2a769407ca6771d10,HaveIBeenPwned_Compilation_2026
cameronanderson306@fastmail.com,bff906ab3c80ed8f87b2f1809a49a29e7133fb460ab56f47155bb9ec9be2b4ac,HaveIBeenPwned_Compilation_2026
mary65969@oscorp.com,c5241ad35755769f2efba02abc68831dbfc5886802082b8587298367ed87b4a4,HaveIBeenPwned_Compilation_2026
lunapatricia542@cyberdyne.com,ca4f46df83540777c06b961e9720993294126b42892bcddcb3115cc39a0f3a83,HaveIBeenPwned_Compilation_2026
rlambert360@yandex.com,a2a466e43fbcccac03ee8d38cc57d2b76519e6c069d59136bd91b45ab0b8ef70,HaveIBeenPwned_Compilation_2026
brianrivera594@yahoo.com,b632e6a3e523e4a96a93ca70277ad92d9b8e42f28d33c979c91363ea822278a5,HaveIBeenPwned_Compilation_2026
kristina.johnson@acme.com,2c6a9445f380a311e0aac736dd5aebd096529dddaa11b34b0c373ca25b7fc1a2,HaveIBeenPwned_Compilation_2026
ryanpatricia390@oscorp.com,c074dc06d6ded727cee717f4b6c22bd6d8a52a25421a757c678a25c325991bf2,HaveIBeenPwned_Compilation_2026
robertherrera136@yandex.com,d65d5acff058d15415a286821a8cb3c656899b4af14d518051e992d9dcd7aa74,HaveIBeenPwned_Compilation_2026
ebridges359@initech.com,8f4f2198cda0f234c10e874cfeb721125b9cf4918c965d4486f8db5adb3121eb,HaveIBeenPwned_Compilation_2026
danny49769@stark-industries.com,94f1cd055ac236f7c63a5958a888b4d2078859b971d866f61982771c4253fd26,HaveIBeenPwned_Compilation_2026
dphillips457@stark-industries.com,e4c3e86dda50411099376416ce2561d16fbfd1356d45b8a39c6f783d044e35b4,HaveIBeenPwned_Compilation_2026
irusso824@icloud.com,0046d1e46510e052a706d627f4ce27069f077fb5a85d6afe1462c615f680f14c,HaveIBeenPwned_Compilation_2026
nicole66822@globex.com,013a96beae77dadb25bea714ab166b5adbc1573dba7323e36914a32cdd12ba92,HaveIBeenPwned_Compilation_2026
bauerheather109@umbrella.net,00638c2586b0ae9732bbb83de87926965c5bdaae58bc2a0fff89c701da8081a4,HaveIBeenPwned_Compilation_2026
waynelawrence225@fastmail.com,9a7ac902d36bd9a505b10def9d5dd76a3be6bb4a24c3afe9ab8a1d192feab6bf,HaveIBeenPwned_Compilation_2026
tgarrett40@yandex.com,920cce3695c694310f3cc1f0d6f643a93ff34a2fe9a09b72742cd794325f9d3f,HaveIBeenPwned_Compilation_2026
bryan42680@gmx.com,f95b8f274cb37d4d29d4a3ae6bc1977bcdd536e834dc985a6423a96aa53fabb6,HaveIBeenPwned_Compilation_2026
moralescody666@weyland-yutani.com,f571cc05e1afa2f510551f5a293b6c060713eaa31fa117c4fc5ef364a0552ead,HaveIBeenPwned_Compilation_2026
pwalker993@gmail.com,b6e9308c893fbbf405f9e50dc9b2ecf4c3aecccc3049792649c0002e7175f736,HaveIBeenPwned_Compilation_2026
timothy84952@aol.com,5089230863c0e63a0c10577471c558afed96ac02e0cd998b8629bb1b01c05bb2,HaveIBeenPwned_Compilation_2026
davidduran906@techcorp.io,ca70ffc7f05621b5dd43ef6f94d7b3352bb0dd132f5f953fa030afc86e10203c,HaveIBeenPwned_Compilation_2026
umckenzie799@fastmail.com,27ca386ab53ad6f2a066cb98d1b573114d385bcdc2d7e8e2882999d65bb5a1cf,HaveIBeenPwned_Compilation_2026
andreagray406@yandex.com,32496f65f2ebdad5d9ab8e0f1ebc22f36a526cc9d3a9c4dc76eaffbfae5c6b24,HaveIBeenPwned_Compilation_2026
ronald66197@icloud.com,7a885ac70391b794294c3eea386032619cbae4be8c86267743a5dc2d61cc067d,HaveIBeenPwned_Compilation_2026
rbrown883@weyland-yutani.com,a6c7f26a7ef4dae4c909f91e729ce720817066302f5b2725df453829dd3ebc1f,HaveIBeenPwned_Compilation_2026
johnwong871@lexcorp.com,9cb8f2b9cc7f7a34c89d399428cf6c28f309dff74fc1ca338cd77b973cf1a3e5,HaveIBeenPwned_Compilation_2026
rrichardson612@wayne-enterprises.com,1a8d17da79f4dc69aa21ff287ec27c7f1faf8063403025cb9e7ba42c91ae6725,HaveIBeenPwned_Compilation_2026
parkeryvonne970@oscorp.com,00c8fb263d79deb87f2dc13c4be891a77bd0fd7be19c78361115c39387dcf99a,HaveIBeenPwned_Compilation_2026
glee851@zoho.com,d517a9e9795e388381b2b0fc03e2b3e98caf0e002c98691b5c535cf3a2b523ce,HaveIBeenPwned_Compilation_2026
wmitchell628@initech.com,0eb88224c55d150a28a71e1be34a948e003e187d605419c1d1d8643d8ee99c8e,HaveIBeenPwned_Compilation_2026
deborahkerr272@protonmail.com,f2b86f412ce7df4e48bab9a5c651d021cb3c53a19ab4c265437f156ead774f21,HaveIBeenPwned_Compilation_2026
victor72742@techcorp.io,da809762e943d3732d8aeb7084a06a79e6229ce6d71d9afcbf9e732fc816bedf,HaveIBeenPwned_Compilation_2026
srodriguez553@icloud.com,e26ac1a6a24dbea0a800afe0c920a72e4247cedfda00d538f137f46b0a53ccde,HaveIBeenPwned_Compilation_2026
hbecker324@aol.com,5db03301f56246ee9e1758169db18f7afc978c82a4ac32454e99210f18ef0d57,HaveIBeenPwned_Compilation_2026
angelawillis699@hotmail.com,54c4e9265f9cb215abf95aa1809f6eb0bb082e653380f1c828a10b9f5626b538,HaveIBeenPwned_Compilation_2026
robert77439@oscorp.com,e902445733dc69f04f3103243225b1a499ba1ffa4c7c9ee6d2111d46c42b6730,HaveIBeenPwned_Compilation_2026
gonzalezdebbie169@yahoo.com,ac9e91a49e0f80bb99b343a6068998755cad199cfc715c89d00ec6d188f9a925,HaveIBeenPwned_Compilation_2026
nanderson571@yahoo.com,874d016dbf40f855a75079801abd1127471d8753e665aeb987f85a8fc8bb045d,HaveIBeenPwned_Compilation_2026
jennifer58637@initech.com,89d5e0caac2b26da2d934da73de08d0fe99a52686f6e28ceb668f1eca4a39036,HaveIBeenPwned_Compilation_2026
rrodriguez258@mail.com,08b29c12c70080c223654210e8a28eed328ac84e0e1fe79ce8f1e462727b0a51,HaveIBeenPwned_Compilation_2026
williamsmatthew480@lexcorp.com,b41e9703c725d1b1babf01418a82dabd70cee471a9d06c413cc95ede84e9d7f3,HaveIBeenPwned_Compilation_2026
bryantgeorge639@gmx.com,105c7864ca60bb73ab9197e8e79e0689608ec80c9abe2c762159dfe6c0d68e1c,HaveIBeenPwned_Compilation_2026
qfoster162@mail.com,f8c3fd425211c5ca168dea4675aecb5c5dd188114be25f804b0446cb2d68e0df,HaveIBeenPwned_Compilation_2026
diamondbryant688@protonmail.com,9f528b8edbd2025cc546c079aabe73420a111814716f77b2f267659ef78ad4b7,HaveIBeenPwned_Compilation_2026
megan92690@yahoo.com,33e4a92e544e80f4b6e8c83349742e4348693b833f1e2be539914c1b7c2c4144,HaveIBeenPwned_Compilation_2026
pdouglas948@wayne-enterprises.com,d727e7ec68470b629b36bd3a5c8b91af67d31b541427433095d5e1a148212d34,HaveIBeenPwned_Compilation_2026
derek44507@techcorp.io,1e1f9ef6bb0992d05102c2ebd8cb14ef8214a22ae94ee8bd98c5a9cc68d34480,HaveIBeenPwned_Compilation_2026
jeffrey.gonzalez@acme.com,12ad50ef2691128292d2fc082281bbb031b5802491f5cd27a1563049ec39c452,HaveIBeenPwned_Compilation_2026
bradley.gonzalez@acme.com,a8e52c4cf39a85868f4cfa7af82f8637d14376db967783c2f6915bfd0c45cdf8,HaveIBeenPwned_Compilation_2026
cfields393@zoho.com,8f193480ccddc16c41d79898654fd8fd27b2608a5c820592e167973f6ddf4eae,HaveIBeenPwned_Compilation_2026
ashleymeza106@weyland-yutani.com,6ba8e0fca4aa3290cb2c789a74d9b88ee4659c9397477dcdba155974af30b513,HaveIBeenPwned_Compilation_2026
sharris460@stark-industries.com,3bbfae0bdab4f8e481170b41ab0f993f239b628b8bd1b24b949b920a50328244,HaveIBeenPwned_Compilation_2026
robert89354@globex.com,c076ed4af1d0dd9b09a00d9ae47c4d11a1bfaea4bf88dbd8e51c2dc2c7719e4c,HaveIBeenPwned_Compilation_2026
brittney88170@stark-industries.com,b26904228ef76ae7af4b9121dac65e2ece2571bbb86845b77ba08da9b85efaa1,HaveIBeenPwned_Compilation_2026
osmith430@outlook.com,88422e18483f3c7716381a5ed89cb74d08c2148a10ed66a6ee4d1daeb0e3d529,HaveIBeenPwned_Compilation_2026
joshua.lawrence@acme.com,7bbaf60a88675f7c0fc288e340ac3e7dd9f59b3d06c82c6f5a68f2dbba5c96c1,HaveIBeenPwned_Compilation_2026
tkelly684@initech.com,a61eeac7e794f0f5f77c010596a935ab37a9070381c867b207f5a0931b4915df,HaveIBeenPwned_Compilation_2026
oduran820@stark-industries.com,8c1c5c92218c8b51c2ec478852df0b11bbcbfd01a99a77dc5e189b56c9c38645,HaveIBeenPwned_Compilation_2026
carlsonkristen591@oscorp.com,041740d8d5ceac9647318b68a97c1cdf509ae8bf1aa069e20e16bdd1403a85d1,HaveIBeenPwned_Compilation_2026
gjones183@yandex.com,608424ad8798a2495ac59064b34dd505d9d9d55272523f01315c85dbaf880268,HaveIBeenPwned_Compilation_2026
denisewalker738@zoho.com,cfea90faab0a75a98f5409afcfde10482863581f02b5559cda93cf603b80222c,HaveIBeenPwned_Compilation_2026
hartmansara942@initech.com,f0c80eaf4bfdffb49698e3fcdf9fa8aac4c60880e7e85d017b79f3b2cb4af0e3,HaveIBeenPwned_Compilation_2026
lbaker487@zoho.com,e5616b8fe4cb8bda841d7e04e996661f2ccc7357bb0e1edfb1a667617bfa3c41,HaveIBeenPwned_Compilation_2026
brian.mccoy@acme.com,5ce5ff17646bee0c3b28692064d7bba2d811508ef65c15e3db1215edb9e10a30,HaveIBeenPwned_Compilation_2026
seanwashington409@oscorp.com,45ac03d4cc0efcb71913522a2f150b32868a2d74e6d79d26e7c9af48e048497f,HaveIBeenPwned_Compilation_2026
evan49685@lexcorp.com,0f173441863147a976f1409ebb1c57c3d2dc2695bd9b613a53f30e985b84a4f2,HaveIBeenPwned_Compilation_2026
jessica.mcclure@acme.com,e7e792ec13f604d1ed70fd18b9c24da9c291d70b2769065daaff8b8002414716,HaveIBeenPwned_Compilation_2026
chloe48821@protonmail.com,40f6808f60b7cc47d6c37e9d7f112f9e8867af472f08938e0b48ded85ef475ad,HaveIBeenPwned_Compilation_2026
shawn82187@gmx.com,e2a02d8402ec9104842d62754fbb486431e78974f635d051dc9367e4cfc3858a,HaveIBeenPwned_Compilation_2026
raymond.blair@acme.com,95ff723cb96a55a31d180469feaea10136daaa9d1e4b69f2096a05f1769e9e57,HaveIBeenPwned_Compilation_2026
kevinhodge714@hotmail.com,2cac9e119c73b6ceebfddb49ed39d5391601327ee9895db45b3b8d5159780221,HaveIBeenPwned_Compilation_2026
tamarasmith324@initech.com,23c827dcd89460c26d2bde6533c3d182666d40bf29a30a8e9d81ed8019784c0b,HaveIBeenPwned_Compilation_2026
kristen88761@hotmail.com,a6c8b60ef73ab7f02d18c5af63e02e3cfad9308ab5938d9c063dcbe38b9fcb0b,HaveIBeenPwned_Compilation_2026
adamsdeborah284@cyberdyne.com,d889e8d72636ba8601b3c3c1dc87eed09c0d502f06c5aa797b8accf623bade75,HaveIBeenPwned_Compilation_2026
jennifer66497@wayne-enterprises.com,073cbed3336e51021cce9a2252ceaeb76fa6055835e301a9cf880505dcbd0de8,HaveIBeenPwned_Compilation_2026
robbinsbelinda908@globex.com,b4a13555d297c763c8be87c5d2ce1098a4fb4a052b7b27fc518e794a63045ca8,HaveIBeenPwned_Compilation_2026
wattstravis559@protonmail.com,523d3eb487e6971bf96d5fe5ac1e285aec4bc12d8fd32c9c0ed0c49d9726868a,HaveIBeenPwned_Compilation_2026
samantha66520@icloud.com,1a7795faff99fab8d3c179919d52ad264df58a9473f1ec43dc5c3c41bb9aac45,HaveIBeenPwned_Compilation_2026
alicia.hammond@acme.com,2f8f419bb4e581a5d0a3ab807d80b4b8574b281a053439f0d3cc30e668be9080,HaveIBeenPwned_Compilation_2026
kelly08280@zoho.com,332242afb2c1e31e997dfc2a922259032eef2959f6c30a59c47bc62504bd5b28,HaveIBeenPwned_Compilation_2026
lucas.long@acme.com,1ce0b356c9050f24e155c5cb5f208214312beb49494d4069939f433ad9959f0e,HaveIBeenPwned_Compilation_2026
ogray310@icloud.com,bace40912a56526355979878ecfcdd8c09565ca4775d336ff24e8a8ca02828d2,HaveIBeenPwned_Compilation_2026
christian91463@wayne-enterprises.com,ebd237acdfd580626ceb732d093d719c6700ef9ede92ea27c6ea1ee2ae1a22cc,HaveIBeenPwned_Compilation_2026
thomas95342@gmail.com,60240fd8b79dd5c3414b60bc74bf4f565b9e8f6888ef14a461aa709a0a7d7ee0,HaveIBeenPwned_Compilation_2026
taylor.alexander@acme.com,84eae75294acafd5344351d6536eb68c5418c74e1c8f85355aaf7fc2be816994,HaveIBeenPwned_Compilation_2026
annbolton434@lexcorp.com,98f937e50cefb236df007d4d8a4792bba30054be6d42aa562f986b089d0ea9cd,HaveIBeenPwned_Compilation_2026
ebennett304@aol.com,496cd038f0c2b13712c6477e2560395ebd15ab4ccc17dc4bbd20f6af872b05c3,HaveIBeenPwned_Compilation_2026
jorge20925@techcorp.io,61e62506f0ccd2daa5eeacf7168c8b104a8b5063381852e6d7e2e90b71f87e0d,HaveIBeenPwned_Compilation_2026
yvargas479@globex.com,ef1e4aeb9a4989d49211215ad56ee42d63168c6bee1382b35f29f39b349fa986,HaveIBeenPwned_Compilation_2026
juan56638@protonmail.com,e93aee715ae217b8540fd88f33629acd96a4181d56447edaf1ab7874d4119ba9,HaveIBeenPwned_Compilation_2026
joshua89603@zoho.com,f5b0e45fab7f143eab61fae44e161b61bd003ca6c313503357d9dedd3455cf27,HaveIBeenPwned_Compilation_2026
megan65736@aol.com,a2d9e52a9acb03d11f973a6a56a29927bc06a283296b730c8764fc3ee6061a8d,HaveIBeenPwned_Compilation_2026
rtaylor284@umbrella.net,cf897e535db2f53edf4a429a26a8b651aa79cf3b8f195670ba4c41a4d56e819d,HaveIBeenPwned_Compilation_2026
amber70921@yahoo.com,5720fe6643f9df00efa8b6542064240aacc297641d03695f768246ab70c1af04,HaveIBeenPwned_Compilation_2026
longlaura487@weyland-yutani.com,842d86b956884bddd7720b33b8c2a2f5ca31dd85ef6160c747d101fbfa63a8ed,HaveIBeenPwned_Compilation_2026
dennis58614@gmail.com,5c9844e3a2f78877a5269a1d87f14b3b42abe1d4dd58736b426540b0064d617c,HaveIBeenPwned_Compilation_2026
david80468@hotmail.com,da9aee364f985168850628999ea0201ff7523de9ce21e6a3d3feb8bcdf16e23a,HaveIBeenPwned_Compilation_2026
bradleyhunt466@aol.com,d8b2e0f7cc648e29cf5064b3fe45f29809b3efeddca9039b447b317be24422c0,HaveIBeenPwned_Compilation_2026
hesssamantha696@techcorp.io,99e5cc793f2b225e537a7708b8dbf73eac620113442296bb92304ea806ac470a,HaveIBeenPwned_Compilation_2026
iproctor611@hotmail.com,7c5cc3af023b1b65a13c4652b6409c7208da30c47fc88d28602715ab6e797db1,HaveIBeenPwned_Compilation_2026
wilsonchristian434@cyberdyne.com,05243d21c6f84de61673bb930a9d8956ab10721fc02e6961246898741004f14a,HaveIBeenPwned_Compilation_2026
haguirre757@aol.com,14ed6dcf10b8a722a92ec9109d397691e9b970cc80570b89a087add97de8707e,HaveIBeenPwned_Compilation_2026
andersonrobert843@globex.com,7a0fb0cf4fdef0091fdc3de9b77a1205b1654fe52dca3bc975526a8700816939,HaveIBeenPwned_Compilation_2026
renee77439@cyberdyne.com,b8130ddd9d33d97000cb00845b6bfa4373d220058007d3efcde1c677535c27b5,HaveIBeenPwned_Compilation_2026
kevin46986@oscorp.com,d44e19112cc06c18ac57ab65c23a3503cf6622b79ee45799d30e6d9734a3a7b0,HaveIBeenPwned_Compilation_2026
johnsonmatthew915@gmx.com,f8ac4c9694db0083ec658602e84d199417956ac6d8a0ab36c5850e6312a4f53f,HaveIBeenPwned_Compilation_2026
frank4171@icloud.com,dc4516cf976b32cfdfa1eb886a464668aee415ae0e6010cc61a4cf6ccae16342,HaveIBeenPwned_Compilation_2026
jordan99841@mail.com,4d36feb711b73128b1323478b08a0887b24271854e904fd8cb1b58a76220e7fd,HaveIBeenPwned_Compilation_2026
longsonya888@protonmail.com,6e1c10b32872986e22f308edf1dda3747a423b8b6ac36141acbfd5434234dd64,HaveIBeenPwned_Compilation_2026
williamsfrank308@cyberdyne.com,ca3c3d86d0450919aec00f063cffa85ee51791e2f13f9546414e69702ebe0f52,HaveIBeenPwned_Compilation_2026
katelyn65231@mail.com,9169926451ca5b4b03942569a1ead99417eab155f23b6519f5c351ed2791832c,HaveIBeenPwned_Compilation_2026
brian63220@umbrella.net,3c473d50ecc7f34a3d48c3eb1f32155adfd37116a3bb2f10889cc9746eff0d73,HaveIBeenPwned_Compilation_2026
daniel81216@fastmail.com,ad0f1ee192d8481f6ee5a29242b51376c23d4970dd9cba35fc66609abe797626,HaveIBeenPwned_Compilation_2026
kevin34984@globex.com,661fa270581199b398f91a304584800bb2d2ca768b53bf88b8c4ef00f4ab6282,HaveIBeenPwned_Compilation_2026
victoria79777@stark-industries.com,a8c407d7114e1e0e62f71b817f1d32ecb8c12a89d018197480aa5633daab772d,HaveIBeenPwned_Compilation_2026
travis66230@fastmail.com,eb76b98b45fbe234a0d4383950faec6195f23b80130214c19e925dd46ff42b3f,HaveIBeenPwned_Compilation_2026
petersonfaith726@gmail.com,a1009d5c26912a01adfa65d33dc8800f6e15e1efe49d87306d418ac07248a125,HaveIBeenPwned_Compilation_2026
jason74350@cyberdyne.com,e5ee49ab7825ea4ea4b54aea4e964dfa5341c3b6f36e6fda20689919f19654c8,HaveIBeenPwned_Compilation_2026
njones119@gmail.com,06107951ff09560938ffe5298a120f76f884246472d871f33ffbe8f20ce2ef05,HaveIBeenPwned_Compilation_2026
trobinson816@hotmail.com,cfe3124c9d32baebaf806e0b49fe1ca52f97d70ec9efa31cf022a26b3d00e105,HaveIBeenPwned_Compilation_2026
watkinsmary500@zoho.com,0592f9bd624624578a158c2faa929658dbf8de68b623c650d490ddaf6518dad3,HaveIBeenPwned_Compilation_2026
zwelch798@hotmail.com,57f4a88bb8ef34e01f7c5aabc4e93358fd3ea6c59d77feb4f86b8cf7bbca51b1,HaveIBeenPwned_Compilation_2026
david.barker@acme.com,7e47b1a88d3d7e1ad47e84a39e541a81edb4cb0b498e9c9fae50fd37d92a875c,HaveIBeenPwned_Compilation_2026
imartinez442@fastmail.com,11cebd0d1b61095eb08b28942930450f990d9e39601d62ffbf5bc241249ccb6d,HaveIBeenPwned_Compilation_2026
molly98725@initech.com,f5dcb8ba5268c2f26818a00fab4d91f4a5452cb8a25190262764f4814b386557,HaveIBeenPwned_Compilation_2026
erica39485@protonmail.com,a9c348eea2d302a44557d4b7056a9ceb15be9662c7bfa2e2b7b33db88cdc9a49,HaveIBeenPwned_Compilation_2026
bobby.moses@acme.com,2c015eff4b701eb0d0a883ab9371e8275939071df091030e99ee759268225256,HaveIBeenPwned_Compilation_2026
usweeney171@zoho.com,5c414284578de1c8553db366206149c0f7179a7b3a249a7f3c5ede57bf99cc8b,HaveIBeenPwned_Compilation_2026
harriskaren212@yahoo.com,82c016be4157d2fb954b48decc5e173bf3b52f69f8e097d89e2c751b3d8ecbff,HaveIBeenPwned_Compilation_2026
basschristina391@techcorp.io,eae4c8e8ef99ad33ffbb71491fa91e1df55e21d0175a8419cce50a2ea20eef71,HaveIBeenPwned_Compilation_2026
bairddebra988@icloud.com,4cd8acf4a5ea31bf1b481d52a368afc39b9ba54504ebc8f5657bc58e29ca1b7c,HaveIBeenPwned_Compilation_2026
suttonamber447@gmx.com,63bafd6dce3ddd3def9a98a2b738ec37ab0d55eadf1babb995dc5702cf49877e,HaveIBeenPwned_Compilation_2026
james98650@weyland-yutani.com,719d31016b6642a0f6bf230c850e0efb0099c2e3fb3475933083fc0f6199ed23,HaveIBeenPwned_Compilation_2026
mcneilsherry349@yandex.com,064918b4031c1c33be3a03aa7c260febbdeeaa7b67eb053daca31369cbf9ba5b,HaveIBeenPwned_Compilation_2026
cowanlinda719@lexcorp.com,0c8be625affb5416c91258571f8d84ba5f003c68da68237622967a353e510379,HaveIBeenPwned_Compilation_2026
nrichardson345@techcorp.io,828fbeb24644a0b5d96c4b34766f228c0b1a8313d26d15cfd75d869595e0bff2,HaveIBeenPwned_Compilation_2026
ellenayala901@outlook.com,edc83e787e679aa84f5fee34881f2d25b9b9a16f0e57b4bdbc3a9fbf7ca4e07e,HaveIBeenPwned_Compilation_2026
walkerstephanie277@cyberdyne.com,b72ef4c5101aba8bcb480d85c191499de7c7ae2bc6d9ef9530ce4e61143ceedc,HaveIBeenPwned_Compilation_2026
robertscarlos721@stark-industries.com,1078de7168473ca3e872ae08e2b9579e07aa756cd901ec20eb699bbacbde6584,HaveIBeenPwned_Compilation_2026
natalie.green@acme.com,a0d17b2fc02cf4cb256930bedc49ab8dbffe39707cc53406ac07c2b5671dd04c,HaveIBeenPwned_Compilation_2026
melissasampson570@yandex.com,3a54e7bdd85f5a8cf5ef1313110c61b016247cdf10433cf1206e8b847626aa29,HaveIBeenPwned_Compilation_2026
tmcdowell762@icloud.com,d3e313914577b215cca438c98d7edcd0af39388af371c9b2579fe1d52b02958f,HaveIBeenPwned_Compilation_2026
tristan6496@gmx.com,93c7a6d65c1dfd432741f05b6756ff9bbb26d6aef42482a08e1abd80a2942cd3,HaveIBeenPwned_Compilation_2026
alexandermitchell436@fastmail.com,31c8386b63b034d8b9247468715622d79a395cde2497cd4c6b765078de587412,HaveIBeenPwned_Compilation_2026
linda07245@protonmail.com,3563f39f72f266510d91aa120c25a4282cc0cc17ef66f5f2304980e13dc216de,HaveIBeenPwned_Compilation_2026
sarahsanders973@gmail.com,a768d50345cb7e2c277a12ef6dbd3abc445b7bc92e1b3ec3a93a0a77eac7d54a,HaveIBeenPwned_Compilation_2026
barbaramitchell227@mail.com,ac3f8c72a8e45fcd08a746fa9c87c65fce30f501c4a12978f30b835813fceea7,HaveIBeenPwned_Compilation_2026
tchambers254@hotmail.com,869dbf903bf6d86432f723db138b04573ba423bb8035c7d5dae924a2d1012cb3,HaveIBeenPwned_Compilation_2026
megan90836@umbrella.net,254ef73fcedf0566c04c41580b21247c86c79c22c9c8364577b479ff9958ceb8,HaveIBeenPwned_Compilation_2026
susanjohnson246@mail.com,9afa1afb135f18c8abba1583d4926035ea9c32196d20ed224d26fbe7dd68ba1b,HaveIBeenPwned_Compilation_2026
usmith162@globex.com,48d91420b012596c1a16d3ad6cf93432e8c152feee1ed2ddb2719133a4cb8393,HaveIBeenPwned_Compilation_2026
danielsmith786@yandex.com,6b2972ba7b4d0cb48b99e16b253dfa995f3770cc285107523e72b31009674a00,HaveIBeenPwned_Compilation_2026
davidsonmorgan204@lexcorp.com,f5e502b0eb826d70b70c4de5d469ed7ad8c6a82b1e1c71384e0c5acc3ed96a05,HaveIBeenPwned_Compilation_2026
mdiaz886@zoho.com,a7e72a9be29bdc20dfa174bed74c0a92325c507421c32200c28156ecb27737d8,HaveIBeenPwned_Compilation_2026
jenniferstone155@protonmail.com,9a5213eed8d62a2366e52ae4908c85dba0a0dbbefd27e26289f657258fceb2ab,HaveIBeenPwned_Compilation_2026
stricklandrobin286@gmx.com,89ce4c4bad5512f4a059a0755da96ef03c9a0b8959e6047298754a0c4c15a313,HaveIBeenPwned_Compilation_2026
teresa.lynch@acme.com,748f10610a678ab6e3710cfe72ee47571af426bde0402d3ff52185f8a73945a4,HaveIBeenPwned_Compilation_2026
joymorales568@oscorp.com,2d502bd771e5fcc29722b9341a98bd984fee57a2980e5ac2dadfb68af867dbec,HaveIBeenPwned_Compilation_2026
kimberlydecker536@oscorp.com,18bf9a9be2f96fdd57b9d0077e14b44e57100ff0827b1af4f5779ba69981b616,HaveIBeenPwned_Compilation_2026
cjones992@aol.com,72d9ac1bfd40c5071eb21a71c2401367d4fad74a6e77a2a02523a649dd43398e,HaveIBeenPwned_Compilation_2026
idelacruz26@globex.com,8d9e37590959112f0851a8c22cd12ff796d4abf70fcc4a5418c67ab686dbc212,HaveIBeenPwned_Compilation_2026
victoria6766@zoho.com,a8b09193bc2db6807cb677aef4388ef1a93ad6f5eacb957f1cce6cb0eb9012fb,HaveIBeenPwned_Compilation_2026
sabrina.phillips@acme.com,5f75a43ccf66a4d37aa5e938dc9d62bbe87d850d4696f8350166aeebd02cdd62,HaveIBeenPwned_Compilation_2026
vwilliams683@mail.com,025c1f4e67edcdf1f61be8d7652fb7e897c651b40615b7be2c7aa7c2412654c8,HaveIBeenPwned_Compilation_2026
alawson349@cyberdyne.com,8489568de45f6d6465a0bda9c02ee8d6dc3507fc692ad1ebfdec55c4015facb0,HaveIBeenPwned_Compilation_2026
qanderson965@hotmail.com,94c8aa64755b432f0cd906c4ff44afde68f6fb3a9148e3b26c56d6b76e2efd53,HaveIBeenPwned_Compilation_2026
johnsonrobert47@yandex.com,c5f5fbfe8876a02a261883a20e99b216b780515822a42462de59d54959eea6ac,HaveIBeenPwned_Compilation_2026
ocameron88@aol.com,6f7bd6d504b5a6860a3948922c2213cac929144c33bbfe0e9781cac8f8715e67,HaveIBeenPwned_Compilation_2026
robert.love@acme.com,c87b0d6a11d3d914fd772fdee69eb038773b85fd2f17cb45835d655db83c13b2,HaveIBeenPwned_Compilation_2026
browncarolyn714@globex.com,509268fcd12e457b9a8eba8feecc4e0df078962fd1b3eaa5e267ab5d077964e1,HaveIBeenPwned_Compilation_2026
tonya82409@aol.com,bbe7bb37161d5732a259ea50e6ec96321396bbdba71228574fa88d47448fe5f2,HaveIBeenPwned_Compilation_2026
kathleenlowe255@hotmail.com,d99441a9c0d2a2ad8e10d0d32717ebc869e42546eaebb46dbaf1ef81ecce98fa,HaveIBeenPwned_Compilation_2026
chambersmarie2@globex.com,45544f3a25242a82b08a5218938f1b457d7de112e49c552a58b75790f6cee591,HaveIBeenPwned_Compilation_2026
watsonmatthew210@yandex.com,9ae7af76e7b2baee9c2267f9e194d3c3fc4bfae900677e7b2ce90a89031eeb8d,HaveIBeenPwned_Compilation_2026
jessicarush159@umbrella.net,23051a526c416c75bc583c12f2914d14a6a6e70d88cb2c63f2dc5758c93b9939,HaveIBeenPwned_Compilation_2026
kelleyjose948@protonmail.com,8d5d56b71c29a9ab8e3a131396f693e6fd180bcb658e2ec8ff7d0b4ac4dc4852,HaveIBeenPwned_Compilation_2026
michelle88520@mail.com,6af3a68ff19a89d09a92ef3f871853429c82b2c89711a5d5feedacef93878d27,HaveIBeenPwned_Compilation_2026
williamschristopher286@outlook.com,8c61287b19ea5fcc07c2e0a7ac92bfad8e5d196b7b2a91029a6466509fbb3a0b,HaveIBeenPwned_Compilation_2026
johnnytrujillo70@lexcorp.com,7102f8501d6581ee379f1907c0a8e96c7d240dbfdd60e1a43f86996c0f7f6193,HaveIBeenPwned_Compilation_2026
frhodes622@oscorp.com,6d701a8122f091ed99ae1001ea8770eadc091863df4f7394cdfa658ae044caec,HaveIBeenPwned_Compilation_2026
jordan8583@stark-industries.com,1e4ad575468f6dbe017ebf481fb205eb9f492b8bc26dcc29714cff97799796e3,HaveIBeenPwned_Compilation_2026
garnerandrea131@globex.com,c31c4149cbb9d1d6553fee6a0e890aea03bef3ec35a3943d9171820809490c55,HaveIBeenPwned_Compilation_2026
heather6671@cyberdyne.com,22043b0c4e9b0439d8f59313488f11be4b773be4944cdc4a62381c02c11fa0ce,HaveIBeenPwned_Compilation_2026
hayesjason609@oscorp.com,e447aa2776a6e3644a6da4c3a68f6a4a66c6b9187535934b62ef6e7a987a3dc2,HaveIBeenPwned_Compilation_2026
eramirez631@icloud.com,3a6334f14ecc727ff37f0d08717bd7b649835cebcf8be07b1023c341afafb3f4,HaveIBeenPwned_Compilation_2026
elizabethmiller941@wayne-enterprises.com,40243cb9b861f0ef46b716afdf75f13761e4a5e5a4c4e8b4ad41baec702e8ff4,HaveIBeenPwned_Compilation_2026
paulford507@gmail.com,6dde52f017e81512f68f1e10bf1b57f4b8dfe7c5d3eee8e6844947f5651084bb,HaveIBeenPwned_Compilation_2026
smithcandice854@initech.com,b6facf05a81b7b5c7fba53ac3d7341059ceb4a2542292f4fe7144ff18375156e,HaveIBeenPwned_Compilation_2026
danieldavis73@gmx.com,d2fcd53a6e3d29010c26173dda0407c67b0753c6a3935c274eb2d7e26b47b110,HaveIBeenPwned_Compilation_2026
kathryn.thompson@acme.com,79c38eca14a45366596173a3c2ea10b61ce1f49f7866aa14b8bf3eaba9e93a9b,HaveIBeenPwned_Compilation_2026
carlos.hensley@acme.com,7512c3cc9e8939dc709b06f9d307fa2513b06efcf100af77cde2b7a09e066d2b,HaveIBeenPwned_Compilation_2026
astark515@umbrella.net,05aa72831a40c35a8b086fef9af85f180fefeaae49f6ce0b1769caf8b982dd97,HaveIBeenPwned_Compilation_2026
monique44813@umbrella.net,75d05411b6b8ec6d8475918181ca3b3e66af39a0ac36e77c6e54bcdf1d9545fb,HaveIBeenPwned_Compilation_2026
jmorrow817@fastmail.com,44479a1725768fb170f529738866f427b821a4af16cd053bda894d76cd01aaca,HaveIBeenPwned_Compilation_2026
nmaxwell734@weyland-yutani.com,a5712eb3f3856981cdfbcbc9206f9d4666f204f1c143b14e0a7f2597cb23497d,HaveIBeenPwned_Compilation_2026
kristen.aguirre@acme.com,677319c2e80db2be88528a16b06e2edaa84c56801717595045e1093e207ea2b6,HaveIBeenPwned_Compilation_2026
timothybooth725@outlook.com,87c2b66cf4e74cba78a59c1179fdf92cff1888eec8eddb476789a37e6792d210,HaveIBeenPwned_Compilation_2026
tracytaylor662@cyberdyne.com,2b10f7c09b88852b0e40585e34b5d79a1540da987a0e306002923b0fdb854c75,HaveIBeenPwned_Compilation_2026
roberto75622@lexcorp.com,631de41c7bdb752e94769683a9d079704918ecd3e7ca015a49fa45e2a356173f,HaveIBeenPwned_Compilation_2026
opatel22@gmx.com,e07008df5e49f736255fed012f823710077b5c4ce7ff723b19b60df3c78b4963,HaveIBeenPwned_Compilation_2026
wcarrillo258@umbrella.net,420a7f0f76db74f9e0664ef12bd743584b89911e12730cd0d4725a300673329b,HaveIBeenPwned_Compilation_2026
rose.walker@acme.com,9dc7491faf741dd853c76fc7e5d9513fed37af0e4200c381a4a1485d95d76f9d,HaveIBeenPwned_Compilation_2026
nicholasjames880@yahoo.com,f49a5ebf576a78bceffd5e33226e08a3a61f1b2d2065c65126255171713be269,HaveIBeenPwned_Compilation_2026
jared07187@initech.com,1ec7fc75fd9eb1c993c28f68e065f8c2895fee454046c91b547c1ad0ec129e4d,HaveIBeenPwned_Compilation_2026
danafoster498@globex.com,11dc8b54e5e7f3630bda045639f8115ee3b1fad440cce4deb140134e4263d767,HaveIBeenPwned_Compilation_2026
qnelson878@gmail.com,63bee40e5f142e95dba63d17361408268321bc0d44ed878d13419ba71ad3849c,HaveIBeenPwned_Compilation_2026
elizabeth.williams@acme.com,606012189fce0c123c7bae6369faf58c4b063dee432ec20012eede6449a37450,HaveIBeenPwned_Compilation_2026
kimberly.padilla@acme.com,7c2d6a655d1b0fd47177368784ddfaff094660de1d6f4e8b8afa546d4e46a3a2,HaveIBeenPwned_Compilation_2026
johnathan37249@umbrella.net,df9b99b60f173ffdf54cc6b2c6b08d235cce9a7ff283cf28dc932a2595f9a436,HaveIBeenPwned_Compilation_2026
rjimenez871@mail.com,9cd4f90250bc7ff155f7ae49a425242702dbda3358b3ed2d330b91dba54adc38,HaveIBeenPwned_Compilation_2026
davidtodd599@yahoo.com,dd99bce2b8dbca8dd93aa11a2f6aac416061dfc52136c35b99db8cdee4fb0bf3,HaveIBeenPwned_Compilation_2026
deborahcook731@outlook.com,295bb0403d4e0e804b3b7a78efc021a62e801f17dfe25273573a4cba0c410c67,HaveIBeenPwned_Compilation_2026
edwardskristen627@mail.com,a0c50ba332d31c2e064b74a0aecee3ada9c56fa115bb865794218f63e58f4c8c,HaveIBeenPwned_Compilation_2026
dennismccann984@yahoo.com,839978512843541d8791ca9513f3616e4160b2702fa8d85eaa976cebfa332432,HaveIBeenPwned_Compilation_2026
hmorgan805@globex.com,181431da1d16b5f18f71b8ce42294c5ae7f435495c6cf69a5aec18a2af9b9d9a,HaveIBeenPwned_Compilation_2026
klane524@lexcorp.com,df775fb891f8eddac2d622a04d46d6db12fe3872b56621f09d61dd501c8d7f0a,HaveIBeenPwned_Compilation_2026
olsontimothy271@protonmail.com,91d3c42a0f59379d17425b92e9854a43bbbd72166a9cadd5e0404064e3a41412,HaveIBeenPwned_Compilation_2026
gmurphy498@globex.com,9f19f0cc83c9049134f7fef7f3c0226aa66e53e945b033be9365a5f5585a6b4b,HaveIBeenPwned_Compilation_2026
jjames598@weyland-yutani.com,5fce9f85c634c3d866b68924c52b0e954efad3d72cc21e21ed51c7486381a3d6,HaveIBeenPwned_Compilation_2026
ebennett244@wayne-enterprises.com,24a4df58c58941c3938ffeeafec85251412ac6a4c75dc9d5a137c6f7ed473dc7,HaveIBeenPwned_Compilation_2026
raymond5410@outlook.com,38f616b10b06529df2bec9b498e8376e91d594850aa1322ea5696c82050e3b9c,HaveIBeenPwned_Compilation_2026
keithfrye309@oscorp.com,3d351fd3b4829c215928a8be9e2ffeaca66712fb2e86c5c68a074cd9375e56ea,HaveIBeenPwned_Compilation_2026
steven.baxter@acme.com,9741606381763a2ca2ead306cca18bc83ff6e7a48c7a9b76ffa7750f487f77b3,HaveIBeenPwned_Compilation_2026
justin01731@aol.com,0f49f9b454c31e8e3981023ddad832a4358c3a6df6010c8d691200e703577e70,HaveIBeenPwned_Compilation_2026
rhondarussell379@zoho.com,cbec3759b76d3ff3335b776eba2aded4030f3bb5d919451c891120d99a260619,HaveIBeenPwned_Compilation_2026
sabrina54828@lexcorp.com,c10eccf62b1ea72148c1cb714272197a6134446424aeac43bf41cda9550ea9de,HaveIBeenPwned_Compilation_2026
raymond12459@umbrella.net,ebd9fd25b0fb9bb02779fa80ca7bb5d8c941f051e02d6b4fefda413a0c668256,HaveIBeenPwned_Compilation_2026
amitchell132@protonmail.com,c377632448605d5a98252c5f0133652b0f31526ced1d2b9ad8f4e6f72412f75b,HaveIBeenPwned_Compilation_2026
davidzimmerman668@yahoo.com,a8d6b4afd3fcfd945adfeee576bcf560b6c6352ce11349999d28054a1153727e,HaveIBeenPwned_Compilation_2026
lozanojulie157@hotmail.com,b0e52e98d127bd71be9b9738e24433ee6c6c7df9139c102c790ded35a8503f7f,HaveIBeenPwned_Compilation_2026
ryansimmons437@wayne-enterprises.com,e7d646b88e4d06d5e4e4abbb1805ca75b694043129bae4a9dc47a20ececdbb76,HaveIBeenPwned_Compilation_2026
zstevens461@umbrella.net,7fc7a91ebf0b26cdaf8e912ea576612ed9468dc08ed015512d1eaad7e78b756b,HaveIBeenPwned_Compilation_2026
tranheidi512@cyberdyne.com,c06d1ded1560badc638c1d9cf6e81ea1d9bec846bb6012969a6b1923559c6c1a,HaveIBeenPwned_Compilation_2026
michael84166@yandex.com,1d36451b1e3d7d21d30963916c66861976e318b895868ef01116bfce35748f91,HaveIBeenPwned_Compilation_2026
pknapp573@wayne-enterprises.com,5e1076ebf2c002b5f6e89a530c5b0e9f2d3275c130acc9ac11506f65b7bdf729,HaveIBeenPwned_Compilation_2026
cwillis250@initech.com,68990b4f1604d43b1d4652c912360a4ac00af97900d08597a3faeaa94436f5c7,HaveIBeenPwned_Compilation_2026
manningjames551@outlook.com,4a4ffc3a91212065fcf3772bf0d685a279bca7bfb2856dc16b8facc5570c5f56,HaveIBeenPwned_Compilation_2026
lsanders42@cyberdyne.com,2f0171a1592997047f20e45fcc6f4553ee7b33f2ae0a426b9ab77cf78c3805f3,HaveIBeenPwned_Compilation_2026
gpreston253@oscorp.com,10fcbc2721acfc4714aa67d819599adc8a90c31581a699a1ede1f606da9d7529,HaveIBeenPwned_Compilation_2026
starkjames552@globex.com,22212c979e8e4beaa87447bc90f24410e23a1d7b8d6e2a79fb1839ce67408e25,HaveIBeenPwned_Compilation_2026
zacharymarsh855@yahoo.com,dd1b632b9c59dab6abf4b19dbdb5db931f1afca6d20b431055767042cdc16832,HaveIBeenPwned_Compilation_2026
bjones285@techcorp.io,15c5c7c5ab4b65854b713358748e8619d2d857255fb41e8b1b2fdfa6df6b8a3f,HaveIBeenPwned_Compilation_2026
waynejacobs885@weyland-yutani.com,6bd0e863626de4283a252f51ccf55f432219a1bed15e56d12cad6356435aff35,HaveIBeenPwned_Compilation_2026
evanstimothy779@oscorp.com,6ec1f3db865ffe9577755472094914f0f7ec00ea5ced7c8d8efcd701be5ebd3d,HaveIBeenPwned_Compilation_2026
troypadilla172@fastmail.com,3acfc1d958dd4af3380625578aaef44bc96ac8b668e23015f0daab27ecb83189,HaveIBeenPwned_Compilation_2026
albert82249@cyberdyne.com,9cfe9542617359de075c5d51e79547011d979edebfa724057aae7cc2d5f0afad,HaveIBeenPwned_Compilation_2026
brucefrancisco524@aol.com,a6935e8ad03f755bb6aa5700da8f1f2a8ae7aaf7bc9c9399dc2028ec8c9c9445,HaveIBeenPwned_Compilation_2026
michael30229@zoho.com,62c9d5b059d2a3b84b984763eedfeb7d9ab12113f96c41ce8a827aa3ad63d4db,HaveIBeenPwned_Compilation_2026
brettfernandez130@stark-industries.com,878b132358003673d81639083bab80b92ff526dec1c42b992fefa70871d825cb,HaveIBeenPwned_Compilation_2026
bshaw556@gmx.com,c99f37e86d51a3e2ca51325770abb86cd1043e54b2170ecec942c31515959083,HaveIBeenPwned_Compilation_2026
aprilwallace433@protonmail.com,82727bcce8cbe1f143e9101b121e4c392f51d985bfb16659734754178d228ac0,HaveIBeenPwned_Compilation_2026
john.jenkins@acme.com,4ee8bc6400b7e6a9cb0a270afcf043ffaf7239d48cea9a616707d4902c799473,HaveIBeenPwned_Compilation_2026
mcguiredanny697@gmail.com,f03afc6e392a3659a254d8db1585b001e4f305bb85eb2c2bc655fdcac82a95bb,HaveIBeenPwned_Compilation_2026
omosley972@outlook.com,5c6dd745bd11798d889ddd66d553a7fffe34da217ec4df8801377cbc5fefd0ba,HaveIBeenPwned_Compilation_2026
alin785@stark-industries.com,31b200f803938099cd4932641096f2a3617f7c98fc99e09abf4ca93076f1206e,HaveIBeenPwned_Compilation_2026
patrick16903@fastmail.com,2d2e5a68fa33277659f6b4608f2f907edaf6385e451b27f9aa152d9809bc0dd7,HaveIBeenPwned_Compilation_2026
jimenezryan301@hotmail.com,9bbb0744b9f53dfeca015c5f6d305ce254d9870ff37c0771f87bd309bd6178b9,HaveIBeenPwned_Compilation_2026
norrismichael921@fastmail.com,d8844127944153d116bc35639792e317d208da6ddcdfac4284553ebc89425272,HaveIBeenPwned_Compilation_2026
jennifermiller136@stark-industries.com,0977c8ce9fbd94ccf69ae397e48f54a49fb6c67029e5c48c7e281122e3c76f74,HaveIBeenPwned_Compilation_2026
hbrown768@lexcorp.com,241e5b17621ad8f04c6925293a9cde952afdacfc9eaee5f181967c6ea6939b7b,HaveIBeenPwned_Compilation_2026
natasha08755@icloud.com,a719c5e33f2444430bff80417eaf3c123c762b6db83dcac7de5a96c67cfcdea4,HaveIBeenPwned_Compilation_2026
vanessa95216@lexcorp.com,5e37f6935ce54476fd19943a176a9a52c2ccd80952b15f827cc330ecbfb8b4e7,HaveIBeenPwned_Compilation_2026
thomasscott399@gmail.com,811af275180b84b1c3f51b530734c951b79ab3ff583fa288b7a598eec09a0586,HaveIBeenPwned_Compilation_2026
timothyburton676@gmail.com,78ee34b82835b4f469ffb0c27c02595cfd83ff60b831516ffa68ae2284f50fa5,HaveIBeenPwned_Compilation_2026
bryan8227@oscorp.com,839b49a8fe208ef0b0f8c19c2788d25ee4986714013744c55884dd1e37bbd9fc,HaveIBeenPwned_Compilation_2026
anthony24680@wayne-enterprises.com,6ca67df945273b6c86bafd1d06ba5902e0d51eff6432402946c5e58088e100ee,HaveIBeenPwned_Compilation_2026
kstout781@wayne-enterprises.com,f9dca33bcb62e8920d4357c0bd5ef662b7280a3f4facefead96d60ea425d1c70,HaveIBeenPwned_Compilation_2026
lyonsdeborah902@yandex.com,f5b7394dc45e3bf4b054beddbb6afe162687873fdd4e04a0463baa03c5ccf040,HaveIBeenPwned_Compilation_2026
youngaaron477@umbrella.net,6a0a4f2128f01c914bdbae0de5488a3493e6723c5b715a8549d97ed99997ee6e,HaveIBeenPwned_Compilation_2026
ysmith54@stark-industries.com,b42d9c958f919be34724f3b3db0e95d1da101e3587d3f64fc935a2bf54419175,HaveIBeenPwned_Compilation_2026
knoxelizabeth482@outlook.com,5bd95f3bbb25aecf301bcfccf18fb7cc0fc63850817d361b369f6cc953bfeb17,HaveIBeenPwned_Compilation_2026
griffithleslie218@gmx.com,99a3b95fe88def60ad5544a9ef69d59c5697034e1debe748e3c78bc604401cf4,HaveIBeenPwned_Compilation_2026
stacey37912@hotmail.com,b2913b265cf53c95ebe645ba6b655c2285311d7901a0896ff431f6bd9e1319b3,HaveIBeenPwned_Compilation_2026
ndiaz694@techcorp.io,24c6c1e8d05f5eb2f26a49c97825fb649047b77f5a3433e6f40112cfead4abc1,HaveIBeenPwned_Compilation_2026
robert.sanders@acme.com,62ac6fd997819b68ae4bf1ee8e66f444a0b5f15dbaaa2f4c0538dec8daf63080,HaveIBeenPwned_Compilation_2026
roconnell615@weyland-yutani.com,10d549f9ae20ef3c9434f7e7d4bb185e78d7db96b2fbede61eda2292c9a7d8fc,HaveIBeenPwned_Compilation_2026
vwillis678@stark-industries.com,a11deeb99f3ad08580c7c9667879d2566562da79314da4248610b04fe9bfc8d5,HaveIBeenPwned_Compilation_2026
chrisrichard306@cyberdyne.com,1f9cef0b1ce3f5ccfede726dfacfc0a53cb0ed653ccda844af7c3bb067732b29,HaveIBeenPwned_Compilation_2026
fmartinez802@oscorp.com,3098f0e6d7c38a9eab628d1fdd51f97f07f047519bce1a81d1bf8105b21fd3eb,HaveIBeenPwned_Compilation_2026
douglas.patterson@acme.com,1cfcc9e5bdcba17c3fd06be76365c3cc570e047bfad53d67845ec3114e907110,HaveIBeenPwned_Compilation_2026
browningmark164@cyberdyne.com,28cc96963beff4112bb3f361987d00f7e83653161ac0db136f672e6c7eed068a,HaveIBeenPwned_Compilation_2026
denisecarpenter802@gmx.com,f55900f3dd04e3c4fecfafd56c0f0e123becb9c4735170b0bf1981a37b3cf060,HaveIBeenPwned_Compilation_2026
wdavis920@lexcorp.com,225fa7e5ab8ccdbc5512d95364d66049f9e56c4f18f438aab20ebd6beb74b5ad,HaveIBeenPwned_Compilation_2026
edwardharris259@globex.com,04e93d797b5c9bffeac0271dfdf8ca730c445331cf871cf2d2455d8795840023,HaveIBeenPwned_Compilation_2026
alexistyler258@wayne-enterprises.com,17a679fe652004f0333213aae7b5028f43c6d7c1bea2ad56201472366d139f92,HaveIBeenPwned_Compilation_2026
shawn00225@globex.com,e2f7120d0e077bfc459f8b37011fb27d61697b0a5622aee6759fdd4ec1878be9,HaveIBeenPwned_Compilation_2026
bradley36346@gmx.com,25a4e7e7eca14193a30535bf415dbb10bc79790dc499963762494f2dc3c85797,HaveIBeenPwned_Compilation_2026
derrick99774@stark-industries.com,dd56f9df1762c29be8240ded5d3d76777fb5201ca8d60cf746e7b71a5668f4d1,HaveIBeenPwned_Compilation_2026
bradleyveronica278@initech.com,6fa7b4444adea625d81e412ef13d131a199985ce00c8109e3611bde1b471dc26,HaveIBeenPwned_Compilation_2026
mccarthysara451@yandex.com,970adb08b525295ed937c2f870e58613a18876a3917f183491bda556be952aaf,HaveIBeenPwned_Compilation_2026
ifoley228@umbrella.net,b3eedaed6f6a5cd7cb624dccab543b1b077be31be862b12ec7ce248446274649,HaveIBeenPwned_Compilation_2026
reynoldsjessica245@gmx.com,39337881a4a5d2ffa370f5e14bb007d0c54ad916792a3b80f01409e2bebbee0f,HaveIBeenPwned_Compilation_2026
tylermiller118@weyland-yutani.com,4ea8165fc0b1e1f5c1c7df1b093e5c8c696615d6dbe19ea4719ce6630561e0d3,HaveIBeenPwned_Compilation_2026
moorerobert779@outlook.com,5d1b97fe28df48d468090e8fcebd87e0268953625c6b7b84ed1a61f2fda82873,HaveIBeenPwned_Compilation_2026
timothy15708@zoho.com,62d07ba1ff55967e206e177e2ca7501d46bbff5fa478b7e7844a18e0f45d006f,HaveIBeenPwned_Compilation_2026
meyernicholas289@yandex.com,805f67d9ff76180fb35582e110df9941647ee6b67cf308112518bfaf7934d43e,HaveIBeenPwned_Compilation_2026
dowen256@weyland-yutani.com,88f1b2470033c86eb5136d79d0f2b9763c4fa3b449906a866ad1017a60a3790b,HaveIBeenPwned_Compilation_2026
brian41195@oscorp.com,266c5ff102e152fdc2694df549a3a65c4f17546b8b90cbcd1bfa54126e675601,HaveIBeenPwned_Compilation_2026
morgan.alexander@acme.com,ebde96056e18339dc7b0d26639761ba61057ce1f4cf6e204d40f79d4765e86fd,HaveIBeenPwned_Compilation_2026
hhughes991@outlook.com,de4536a1a7d16ff6f96fa2653dadf1e49e36aaddb1e97aae1b7388171093ed20,HaveIBeenPwned_Compilation_2026
morganjason685@gmx.com,c9112dd631ab2587294eaeeee76da05701368cd007a0ead80c8c0536131e3b97,HaveIBeenPwned_Compilation_2026
johnjenkins94@umbrella.net,51af4adf56adca00a3f7a45b0a139709a7451fd2384de66a3d6db3a9fb04588e,HaveIBeenPwned_Compilation_2026
james947@umbrella.net,8437a8817c01aa420d60029c6b8adfbf868ef22e0e32d54606df8261f42fd922,HaveIBeenPwned_Compilation_2026
georgemaldonado720@fastmail.com,154f42de1abf78b045f4cdd96df25d7fdb489bdd35b5718446f2318a4e6857ec,HaveIBeenPwned_Compilation_2026
nsmith304@aol.com,83bd62a10821303a4829e693ff7a09b673c53a0e00e50a70722403ce6c199645,HaveIBeenPwned_Compilation_2026
marcus31936@aol.com,b1885b9881cd1f0cd2cf906d4d0abaceab3c6277d868c6f51ae4f58690fbb50d,HaveIBeenPwned_Compilation_2026
christopher15477@aol.com,573983de0ef0e408ac7b08422084ee0e97e9eda92e65c41a571a4baee029c900,HaveIBeenPwned_Compilation_2026
sergio.acosta@acme.com,e1d6833f3ff28ee70c971701d987d257ee39eb52a2b1deb2263d9a162e9eb68f,HaveIBeenPwned_Compilation_2026
scottlisa704@stark-industries.com,5f6fdf4018dffb5702f167dcda5c1d58ff2bc76bc3f512c4d584b23c690755e7,HaveIBeenPwned_Compilation_2026
villamiranda314@zoho.com,ab001e924eae616ea4e8540c5c6e6e6ef7718b20c5be1544fd5edfef78398466,HaveIBeenPwned_Compilation_2026
bradleyantonio607@techcorp.io,0338f17fc6e67334b6421652fd6b2831591a803a2c9db9d78b681880236fc316,HaveIBeenPwned_Compilation_2026
phillipmorris392@hotmail.com,4ae6566eaeed6f256587ac7ece3f803581b98731f4e2f249c0ef2586c9bb13d2,HaveIBeenPwned_Compilation_2026
wolferoy160@stark-industries.com,0b1dbfa290be46348d32fc4c01ab348de2625f6647a81b11b162e962356dc803,HaveIBeenPwned_Compilation_2026
rjohnson162@wayne-enterprises.com,fd9b153cc3ddeec4e08722d1d19aa6f106bb75aed5c085c1e23248532199a6c4,HaveIBeenPwned_Compilation_2026
tarabishop520@cyberdyne.com,a029c26bc9d289ce731d8b2e6223426276d63c8a2d16a3d6e35582337aaf1c31,HaveIBeenPwned_Compilation_2026
marksteele552@stark-industries.com,cfc8202d3003ae0c540eb13e2f690cf52362b8436f0eb3b00ab05fac115a9acb,HaveIBeenPwned_Compilation_2026
johnsongeorge63@stark-industries.com,ab2915d9d49f9640a268d21a76b9caf8b99c5fb6f85cc3de7c4c6b5f57625abd,HaveIBeenPwned_Compilation_2026
thompsonnancy83@wayne-enterprises.com,651b17b7c760068b5cb30051db9f5fd04200f37d056216641686bf6fc7a2a7f7,HaveIBeenPwned_Compilation_2026
brianna71708@oscorp.com,ad400e084b033d07f02cdecbef13eaaa2ce86843d0d1149b920013e616c24ae3,HaveIBeenPwned_Compilation_2026
simsjohn635@yahoo.com,f8613a9cc7012dcc800d3eb6ec4589a7ca32a032d8c1f588a38746a3afbf3bee,HaveIBeenPwned_Compilation_2026
andrea21861@icloud.com,4f9932df3f365332bb96ef0bd2f408d7389caed0cae03aa620ef61b554648d27,HaveIBeenPwned_Compilation_2026
kevinrussell399@globex.com,280643c5a3280cae879bc6ff9c25159dbeb3932cd2d4885c88fe142c2e33fa59,HaveIBeenPwned_Compilation_2026
troy06709@techcorp.io,122aa560e12972d55758bdfb290a234e366072fe4286fa79a1d9bb1b41c5d5f2,HaveIBeenPwned_Compilation_2026
danielnavarro250@techcorp.io,d3e70def161950544459910b1e1169a13160e6536f49c47a7a6c88b8a3f6a54d,HaveIBeenPwned_Compilation_2026
jwelch565@initech.com,ee56b0f5837393b199f8a7fb63d01b964ca89564d91be980cf8306b24c358cfd,HaveIBeenPwned_Compilation_2026
marystone562@techcorp.io,8c053aad41755aafa16a38f2d788d44e88f441b51bbba9b7562e55894c812cd0,HaveIBeenPwned_Compilation_2026
elizabeth18247@yahoo.com,4ed905fb7fa5bb639bc541c06fc9d238899b832c58c01eb7cfb75e965b4ce12d,HaveIBeenPwned_Compilation_2026
bishopfrank286@icloud.com,514dc27cd643bbf17bbc13c9b4e7ce766c7e2231983244b564021ecb3475f78b,HaveIBeenPwned_Compilation_2026
theodore57275@oscorp.com,daa8489e4e91f0b818d2327598d809f28d88b7f1c5efd0ce8bf9f3ef6b866ff0,HaveIBeenPwned_Compilation_2026
jennifererickson940@zoho.com,b08c1a9c8c4239738fd9de35391afdcff3570433f90ed2e616a1a1483f92b83f,HaveIBeenPwned_Compilation_2026
anthonyberger522@cyberdyne.com,5c8273c51abd6d590b8baf33146371737cd6227e6faf271646e1500d7281ddb9,HaveIBeenPwned_Compilation_2026
hmcbride590@mail.com,6cc16e1f86f3b77e8240039f5797ad73e29ec6785aace016ee974b2299198431,HaveIBeenPwned_Compilation_2026
amymorris115@gmail.com,3dafd2775dcd92710ab5549de853c9ec9a654de60f7b0f0a570f5dc76f51e30e,HaveIBeenPwned_Compilation_2026
arichard874@techcorp.io,88c5acf7ec84b339ff0f28227039c61745f08f91f07cd8e49428123634713206,HaveIBeenPwned_Compilation_2026
alisongarcia96@gmail.com,07dd701daefe619fd01720edec7f6417b2168a93dc25ac2f36dcf16d6ebb6298,HaveIBeenPwned_Compilation_2026
candice25820@gmx.com,acbabe9a2416ac40833b02084cff771febcdb5a7902aa2282f39c069e634d1c5,HaveIBeenPwned_Compilation_2026
debragraham770@yandex.com,178c7c7828d9192c066d3a6362b19b062f79c767ed9e40c47ed687f98e40afff,HaveIBeenPwned_Compilation_2026
michael.jones@acme.com,ca795771892ed47893ed040749510284f08fe4c06e1ba9de2f936f5b83f40776,HaveIBeenPwned_Compilation_2026
justin29312@gmail.com,443b4ebf7988f088e8821a0ea715ff95e78d46aecc0b21c34bf6bc5e3bdbd020,HaveIBeenPwned_Compilation_2026
hansenalexander197@protonmail.com,1d448ea1d05644e7575248679d31f0e10de2e5b35ce2ca2cdd364f965083c45e,HaveIBeenPwned_Compilation_2026
garciamelanie861@zoho.com,1588cf56655333f8c555e6f9bb239a9e3251c205ff86cb689e8dc7a3b4e87484,HaveIBeenPwned_Compilation_2026
michael7761@cyberdyne.com,e24a5003d7210c4abc4684cdbad07b6c45d661927e76b0d2160eb88004edafb6,HaveIBeenPwned_Compilation_2026
jenniferfreeman898@oscorp.com,e383ae9ad926375f7e2e43bd936147ce034c480581d2e1ab15149401f8f51391,HaveIBeenPwned_Compilation_2026
robert.russo@acme.com,c672aa3fc3931116d0abf6baaba78242121efb812cbb5e54dc43331ea7a2914e,HaveIBeenPwned_Compilation_2026
ssalinas195@globex.com,2a5554b9e1008fc2b5d0c451f139ab278bd8b2c2697f1bfd13de9f8b66a2f93a,HaveIBeenPwned_Compilation_2026
estevens675@icloud.com,7ed5bfd852d8cd3c90673bf8e2dd14456d2b5ed6a727be511a8340015fefd7ff,HaveIBeenPwned_Compilation_2026
karencontreras59@gmx.com,00330b1200ff4b96d08d91e22a8da618a872845243d5b2faa66a022959783f5f,HaveIBeenPwned_Compilation_2026
thomassmith653@protonmail.com,a4ee9975a2eba00b7d2479da7d6729dd0c661eeaceb88139ffc662ff5566b9bc,HaveIBeenPwned_Compilation_2026
troy.nguyen@acme.com,05183c23304d960175f84e7961c3faa3446298cb0e32db98620ffcdbe7a0e236,HaveIBeenPwned_Compilation_2026
qmartinez692@initech.com,4ef4cdecfc446fe0e06d2a4620e3931c07482baa5bf5d77e676743665de749db,HaveIBeenPwned_Compilation_2026
rosariolaura439@stark-industries.com,a4d3de9f8e5a83e4110563e1ca49ea87a4bfaf59519258b6603ca88c219c4f12,HaveIBeenPwned_Compilation_2026
ypaul86@gmail.com,5efa2e03a76a2fb164b12af8bb2d6a00aa0278d830ede0e120a6cbf060e4af41,HaveIBeenPwned_Compilation_2026
grantzachary807@icloud.com,8541d39588633bc3ede396d3983831f436561fad126b686613ed56e40d057033,HaveIBeenPwned_Compilation_2026
lwood395@hotmail.com,b7ab6b64e9810eabb633bde655e555c30ad8ae3136325321a1043c64dcec15ad,HaveIBeenPwned_Compilation_2026
estradamary837@aol.com,96c65cbe0ce691867f0c3bb947f903aa8ed2b550cd2aa17b801c98bdb347d948,HaveIBeenPwned_Compilation_2026
melissa86195@aol.com,a0101a4289329852b9c6be91617833e0a1bb0a36cfc1ddeb397108445572606a,HaveIBeenPwned_Compilation_2026
nicholas38107@weyland-yutani.com,c0a4e8405cce0f2a1fe578df40d9f56d2075fd8146eaad24e58beace786245e9,HaveIBeenPwned_Compilation_2026
carlos0666@aol.com,6ab143155fe03b123605c29788fcbe4284e546c412c9c4ab25b5f693b1358797,HaveIBeenPwned_Compilation_2026
matthew96530@gmail.com,c77fd3113b5c667a5c9f27015de015c86d07987bd2724258d296f5b19ed5740c,HaveIBeenPwned_Compilation_2026
qjones407@techcorp.io,6b11dae2a0333501817b358e1663577dc71d9c7afbf0a8d99973b862d208e007,HaveIBeenPwned_Compilation_2026
ingramsherry906@stark-industries.com,7bf4d14f75bd6127c425e752b63774aef6d44ef5b9ea3478115dcc945224ec17,HaveIBeenPwned_Compilation_2026
zcoffey433@weyland-yutani.com,4abfb516892c6b8eb92185a10d1fab8046acbd0d6c4dfb5e4ff9ce7b815c607c,HaveIBeenPwned_Compilation_2026
lgutierrez575@globex.com,2c79030f4bfbb28d2ab452c03cbac1b223b8db214f8603ef2befc7d1149fda3b,HaveIBeenPwned_Compilation_2026
jcarter797@hotmail.com,fdfd04c66d70a06d20b852cdec4f85a76d3ea1bd7bdcf699a7ac8f6c36f91c81,HaveIBeenPwned_Compilation_2026
hillnicole339@stark-industries.com,8b8421c4cbf10c5a6ed86ff82bea85af2f282cbb3085af5cf5eda8d4f7142b2e,HaveIBeenPwned_Compilation_2026
scarrillo28@stark-industries.com,2827da50438d10b1ea3e491c43613cbf49a5e05f9a30bef33a16a9e665020ddd,HaveIBeenPwned_Compilation_2026
ftaylor930@weyland-yutani.com,2693cc5e30fccdccb6731c2c620cb6078bf958f43f9f0d7c2bdb55554dddfd1b,HaveIBeenPwned_Compilation_2026
lkelly293@initech.com,a75e88cde5fb1694648d9af5fba6d20c5074b651c8d239b3254bb3a79f954d9f,HaveIBeenPwned_Compilation_2026
paulmiller383@protonmail.com,33feae1eaf477b5012a336f403d36c2ea22eb38b45f485ca1c894f54e6eccaaa,HaveIBeenPwned_Compilation_2026
deborahsmith446@protonmail.com,07b82d658ce7bc37ce7b5859411b50a589d1c2aebff0b793f2e8248b4bd73f3c,HaveIBeenPwned_Compilation_2026
elizabeth12971@oscorp.com,95cce4203d8b76aad410d2a366fe49fc9c1f9c6eb2be4d27ee2670adf7e31207,HaveIBeenPwned_Compilation_2026
thomascynthia788@yandex.com,7c01ea874030866b6daca1dd4970ced86014a5c1ff2945907cb37d105c2c69f4,HaveIBeenPwned_Compilation_2026
kennethkidd746@techcorp.io,6f47fed70213d2ae6790fbbce5403a7c992191a4b50159b4b8b513c95eb0c0f5,HaveIBeenPwned_Compilation_2026
roberta36501@globex.com,1895966243802151508376fa4c2eabf5c6e8444f95fe2fcaf6b39f1082a6c7ff,HaveIBeenPwned_Compilation_2026
josechristian476@wayne-enterprises.com,f96803d9dacd3d584dbcf4561ecdf56a212821ad74ac0af5e72d22e2a1504e20,HaveIBeenPwned_Compilation_2026
matthewward584@initech.com,10a2d73e48cf308811451682c59f5927c691663e69cad541c720bf5027d03165,HaveIBeenPwned_Compilation_2026
davisamanda46@yandex.com,4d2cdc7757ca900cfa9b002ef2b1b64d7210f1d6dbc1222ef396f4461627dd32,HaveIBeenPwned_Compilation_2026
rodney49544@stark-industries.com,f4ee2fb107acf09385efbda12fd9c93026c94fd31fa8025ba15ef741f9779d1e,HaveIBeenPwned_Compilation_2026
vnunez95@yahoo.com,e9a8751e2ce277a12d0de430af3ef45bc7ad7daa416e93e089fbf525726c90f0,HaveIBeenPwned_Compilation_2026
ojackson541@yandex.com,210600a43c67741bba19c3c1994c4fe7fae0afa08678abb5c96dfaf8e3653427,HaveIBeenPwned_Compilation_2026
katie43380@weyland-yutani.com,047a8eda22d711bd2da25e77ef5f4b2d1d7a03c646bd320b4d7a5e07b9ec4479,HaveIBeenPwned_Compilation_2026
tinastokes370@zoho.com,b142e3c268f58084b389b3a9eb27f23a39e927ba853f1cc139b4110439c29104,HaveIBeenPwned_Compilation_2026
jason61870@gmail.com,f41c18da2189dc2a0a813d3c793114fab86aecdd0f41c839c2c5d6ec53240f5a,HaveIBeenPwned_Compilation_2026
brianwhite205@zoho.com,d7e5f4753f1ad07c4df3d55332bbca8e443b899fb27f54d8b1bc9333893d2d69,HaveIBeenPwned_Compilation_2026
christopherwilliams519@outlook.com,574c70919ee8568b6aa2d43fdf3400c2fb712d091cda6fb4159f234656e78c17,HaveIBeenPwned_Compilation_2026
carloshernandez881@yahoo.com,a537c6a38b79518ba695aaf12b012c71b5047b7025995b378ced9170c35eb142,HaveIBeenPwned_Compilation_2026
chamilton662@umbrella.net,5f45e5efcc297b5b86682ed73d0048f1bd33e515150d02960e6adffdec76576c,HaveIBeenPwned_Compilation_2026
angelica.chambers@acme.com,9bd791f4fb508b178b86356a00c621b87170097caa212845bf568516017a4627,HaveIBeenPwned_Compilation_2026
nathandavis316@yahoo.com,bf00f0f35b387b3423205bac25ce3cfc28f111e9c21136deb18bc729a1616f22,HaveIBeenPwned_Compilation_2026
zhall418@globex.com,f8ca8c5af19f5ca0ed93d597a3a325ed36aa1753db6ba81e31a6898f42468ee4,HaveIBeenPwned_Compilation_2026
rdiaz454@outlook.com,1d47784c795b3e1f6a078115fb021e9229c9fdba555dbc267a636f6b9089cbb7,HaveIBeenPwned_Compilation_2026
patrick11426@initech.com,c2d9ff91dacd41c4089387e16d207d5d82e404029957c60883456dccd9c161e0,HaveIBeenPwned_Compilation_2026
crawfordwilliam857@stark-industries.com,c42f6fd92e5335d606294bf8fb2ff424e7e43a292a473ff5dfdf011e68b2e279,HaveIBeenPwned_Compilation_2026
jonathan7770@zoho.com,8c11137492d056ac90849f109df42468c30eaef47397e31b35e5938d640d8092,HaveIBeenPwned_Compilation_2026
taylor.jones@acme.com,0173e8e355cd06ada15343248852b1b6e1e2c064160706eae86fd9fa83240780,HaveIBeenPwned_Compilation_2026
claytimothy567@yahoo.com,49df540f87232f77cff8ff1cc260247af5baec5ae4e966f34c204fe53dfdc71c,HaveIBeenPwned_Compilation_2026
linda23974@stark-industries.com,1aae458066fe0570aff5bf144a42c6454902bd0afb21fe0da2d17a4c880066ac,HaveIBeenPwned_Compilation_2026
afigueroa330@cyberdyne.com,9de34e5cb78a035969d1190f577ba9cd8c1037bbdab6c3e9ef7be72989ad273e,HaveIBeenPwned_Compilation_2026
robert84344@yandex.com,2b64cb90263233d04f0fddcfd07651f0cf0afc5a1533c75f9f499bec6e83af15,HaveIBeenPwned_Compilation_2026
rhuynh873@gmx.com,d8b256bb18afa6e290101c935c2758fbc308413977c1cfd0a70d354a1ba1cb56,HaveIBeenPwned_Compilation_2026
alexandrablankenship761@hotmail.com,964a14c750382584dc9083852b24b09166280e142e89e56f47f00c876c399442,HaveIBeenPwned_Compilation_2026
stanley.morris@acme.com,aa729634a87bcdeafdecac4ad73227409cbc11e8fefd9fbb6d21a4d763101778,HaveIBeenPwned_Compilation_2026
lopezbilly356@yahoo.com,ecde8fd9a25146e31ef29d35714ceac11d85dd6d3d0924efe7eb9cf049773a4e,HaveIBeenPwned_Compilation_2026
brent.simpson@acme.com,4e64625f4f858ebf57dd91dee22f68fdf3a09fd322bdb884b068d336efeb35fc,HaveIBeenPwned_Compilation_2026
fsmith202@weyland-yutani.com,d9572ecd4dc6b04f9b18152099897772bc2eba59287b9b13386a1357e7e1fc84,HaveIBeenPwned_Compilation_2026
mullinsjames501@gmx.com,6f25b69fbf17b643e557e91a2aea5f6515bd67c6edff0bcc3e7fa4adecffbac6,HaveIBeenPwned_Compilation_2026
rachel90686@yandex.com,d81f1fed56fd46754ee97fcc5027e0c588e74c6feb05aa670031abfb26ec2504,HaveIBeenPwned_Compilation_2026
tanderson892@hotmail.com,e634695f58018f1a21c10a8c91e4a4c8276a2612cd6976c88e4fce50975b25f0,HaveIBeenPwned_Compilation_2026
michelle.cole@acme.com,c770151c7a00b914ead0bad78bf463cbbe96f4e694a0a254a59c222e26027d96,HaveIBeenPwned_Compilation_2026
tara97325@lexcorp.com,2e6e39588d246c391bfb502cb768a7627c456a44f583d947dbbd82be751c662b,HaveIBeenPwned_Compilation_2026
hillamanda63@hotmail.com,5c5bb45bbfa50ea559d0d7e2223f114b8b03a5c30495686b2e1bfb2c83aa2a4d,HaveIBeenPwned_Compilation_2026
hannah45449@fastmail.com,3f45c03a4c7834b4dba4fc7a86ab0abdda840fe14aa98adf17c0f31f34d2823d,HaveIBeenPwned_Compilation_2026
rgarcia467@outlook.com,a57e8e5f097eebea2cce74d6d0b443d2116df8b3a8cbb82435e4117da746787e,HaveIBeenPwned_Compilation_2026
justin88409@mail.com,813367966987e985a3145096deca8685fae00521fdb5946118426c4c28688e33,HaveIBeenPwned_Compilation_2026
rtaylor267@yahoo.com,a2012341745c1859bf1378c1f61bd554d5f02369a9fe653119e61a1528fb9aca,HaveIBeenPwned_Compilation_2026
johnarnold470@cyberdyne.com,d3b34503764be467aca31f37bfca78aabe9b102bfe465dc047777917a6a31e8b,HaveIBeenPwned_Compilation_2026
samanthahines818@weyland-yutani.com,8ac7eba876f06fe584b62d132643a7550356721b444e30c4638b45c18c41b00d,HaveIBeenPwned_Compilation_2026
lrichardson635@cyberdyne.com,ea0b9d31e949b19dc6a64c27ce619ce9240bbd90f10181e48e7c4dfb7c8bb230,HaveIBeenPwned_Compilation_2026
shannon.wright@acme.com,dcac74f9c03b184b224979f688084468bc1083171f88528d1bb463d8d9d1cb0c,HaveIBeenPwned_Compilation_2026
cramos48@gmail.com,0d7f0d06f0b9101fd11f4fdb82305b0caba06260dca551e923da8c2f7a0af68d,HaveIBeenPwned_Compilation_2026
nicholaswalker335@globex.com,8014382ecd69afc94a8b6b52ca633c340bef970c7ad22078575ea0f8af396e70,HaveIBeenPwned_Compilation_2026
paul20272@techcorp.io,965c462cef9b6a255371c9c51a220794814dba6ff8e335f887dd467e83194e23,HaveIBeenPwned_Compilation_2026
brianlloyd46@yandex.com,0200861a4112d0809a75842038dd72d41d19b1898ec3e5aee6828ce3919cf1c5,HaveIBeenPwned_Compilation_2026
shane28216@mail.com,c23a8eb703cc7e825ac44f23ee140829646e309653cd73851713bb8b0cdfeaeb,HaveIBeenPwned_Compilation_2026
kaylaadams752@icloud.com,63b4920e69a8ada5fa5b1d95bd1be2c685cc0c63536b1ab897d8f3d4778479dc,HaveIBeenPwned_Compilation_2026
hedwards219@umbrella.net,a0db5a91dcff4be439a445b86a8991ca36c38146cad0ad210790fdb564cd5b48,HaveIBeenPwned_Compilation_2026
brittanybryant968@outlook.com,b505a67fd87cc38f6d00922333d3d335f3782325ed01c1f6d09b257ded1a9574,HaveIBeenPwned_Compilation_2026
paulawright152@stark-industries.com,6363bdb0f4303ac84ee3f86d12ae1b04a52a6dc99193df0711c7f1ec70e86f75,HaveIBeenPwned_Compilation_2026
david94519@aol.com,cd2f697450f3250d2ad54f7a3f3f47245e60c494641e4d424f984fd20f7744e2,HaveIBeenPwned_Compilation_2026
erodriguez340@stark-industries.com,a9ecc000064ea5177c36c62b17156dd52179dd8933f9d12618eb2a8f39acf1aa,HaveIBeenPwned_Compilation_2026
ucollins768@gmail.com,cc887dafe3608ecdd8f7a5c59c7ec23718b9db698e6082fd0767c2a315e5a533,HaveIBeenPwned_Compilation_2026
jmelendez8@zoho.com,b7da683ad923d44033d5484473edf6f0d68c5c4a953b7a0580cfea084c6c4639,HaveIBeenPwned_Compilation_2026
eric99151@aol.com,d43ab7d3a501147b8e905f85f88c67b392f9458f0dacf03f8e52cc97571327be,HaveIBeenPwned_Compilation_2026
davisalexa637@gmail.com,4c033821996b21f140099224eb883f8d0922aa0456ade0cc6348aa878e1091bd,HaveIBeenPwned_Compilation_2026
rfowler453@initech.com,dfa08aa1d3e2c096017bdb8ff101f1d1cab0dcabe3091b35c8e1a94a84138cf8,HaveIBeenPwned_Compilation_2026
jasonzavala291@outlook.com,6e6d2c3b25a50dafd4e2eeba15755e1f42a9be61dd03f3fc91f2c10652874fca,HaveIBeenPwned_Compilation_2026
morrowthomas209@gmx.com,fdac5ab7fe147254aa9364814c65a2e5f7a703152a9f9c3d514d969b6d76b783,HaveIBeenPwned_Compilation_2026
myerskyle336@techcorp.io,0be41ec7bf1d94c042b781359efb2258bcd7e9e9dc7d248d0d367b8f093337c8,HaveIBeenPwned_Compilation_2026
sullivanjason943@weyland-yutani.com,b3c773802559657ed7fc4c25607bc917699fa212e15fc82ac5e40d5106d705ea,HaveIBeenPwned_Compilation_2026
llandry882@yahoo.com,37b82990e8ef248ba69edb7733310f5f91181b8cd1ac33bc1f9401e489910ace,HaveIBeenPwned_Compilation_2026
zedwards827@umbrella.net,5d2699d74a59bd5fb0f5f3887fa951736e8e2348a5be0dc5714d27e380186332,HaveIBeenPwned_Compilation_2026
patrick.weeks@acme.com,d716e645b3b5c25444ad6747e011abc32c4a9835224cffd5276ce9c36674ac06,HaveIBeenPwned_Compilation_2026
deborahporter3@techcorp.io,17f934c90cc3aa0eb983fbe41f69708eb94ca696043987fcc889d9f5a6bf1bff,HaveIBeenPwned_Compilation_2026
robert72738@hotmail.com,dc7881c07fa7fceed76d9166e9b7006c8e8bf38ebf5806d59be918ff2d781ddd,HaveIBeenPwned_Compilation_2026
hrichardson111@mail.com,2d39f977b0aad64e702b3f9970a47bd3ee5d72d01e58836276e4d2f7b5fa19ef,HaveIBeenPwned_Compilation_2026
jessica234@initech.com,d60678f0d821bf6a1c28d61e51716841586012cd2f8aff0eb7cc1730fb55638d,HaveIBeenPwned_Compilation_2026
cjones996@yandex.com,af5e91f4a469011f94d9fce3fc924489096513fba96163ce263b891288c95c6a,HaveIBeenPwned_Compilation_2026
joshua.bean@acme.com,0804a33b4d5e571968c125ff8e8c019aaa559db768f00c444868c9ad4b0922d0,HaveIBeenPwned_Compilation_2026
agutierrez241@mail.com,66f7aa55aca898a1430cc1ac68dc242e0ae42084cf801f49e7c85347a1c179f3,HaveIBeenPwned_Compilation_2026
burtonzachary590@cyberdyne.com,7359712125ee06ed06a317323ec73661aa2a03fdcd3cedc2c076b4405b4c4940,HaveIBeenPwned_Compilation_2026
apadilla681@globex.com,a1f5b9eac76831e26c8431b5da103f4fdc5bfd67dd00f222d7fe05d0feb43183,HaveIBeenPwned_Compilation_2026
michele.thomas@acme.com,d20a4a5c4355e63cb35207836b969479d708b4136cf93cd715e195abec843651,HaveIBeenPwned_Compilation_2026
khill103@mail.com,a65445d6ca165ecb86d7519619c0abdb433d82781f002b24219bc568c7acde14,HaveIBeenPwned_Compilation_2026
bradclark307@stark-industries.com,ca4725d0c3b3e62bdca603ba437d8d445e8a0645d0d35f2c8b1289970ac20bff,HaveIBeenPwned_Compilation_2026
william.collins@acme.com,ee0c7bb998e63a7123d9001d98bac26e275dc42ea31d51d32de4bf52f6e28ccb,HaveIBeenPwned_Compilation_2026
uunderwood78@aol.com,d816a1fc78163ab3cd16d5cdf68d9519523299f8cd1861d70e1b4bc8bcaf94c0,HaveIBeenPwned_Compilation_2026
cbrennan522@protonmail.com,6da41e1cb2d78f6af38328ce2f3a01e22f9688689f76faa6bccf4d725e291061,HaveIBeenPwned_Compilation_2026
mistywilkins820@icloud.com,08a1994e8947559b423fe5737949a645cdeebe0b469a45013ea7c31e05147b79,HaveIBeenPwned_Compilation_2026
courtney10989@wayne-enterprises.com,09bc7d4a540968b362ab36a4d3bb1ba4ef65ea40a3969256617e3c798023bbdf,HaveIBeenPwned_Compilation_2026
rodriguezjohn100@hotmail.com,6a0403dbbeb7a6e0e34458ea8f80a70217fdd878656d3de4fa29d5035fc7d843,HaveIBeenPwned_Compilation_2026
haley.moore@acme.com,bc38a937fdacd5fa856f31eca57841ea99d1b25130aa8ccbbd68e731c45add5e,HaveIBeenPwned_Compilation_2026
holmeskevin88@outlook.com,1f67232098ec04e54566d931d80c0e7e6a6cc0f9f4353a4f793b9dce50c17d34,HaveIBeenPwned_Compilation_2026
rebecca66414@zoho.com,6b167bfb301ff0ed0419a3b61b0e4441af35a50144f1fb6a046af948ba2e414c,HaveIBeenPwned_Compilation_2026
penanicole115@gmail.com,d8d8fe92965f0b0193468d18d9e0a7203cbf6c77192c2c5aeb1da7677d421467,HaveIBeenPwned_Compilation_2026
scottbrian903@icloud.com,1a3b65fc35063b8c56c6460c4257356f505b9fa06058bc441b97bca6f2e9a001,HaveIBeenPwned_Compilation_2026
sthompson998@globex.com,70e196dc70eae06aaf8b7353edf0f1c61738c403876b41c1ebdeeb7e7b7703b9,HaveIBeenPwned_Compilation_2026
collinswilliam101@stark-industries.com,bf8c90c62996893e7fcaf8ca6958fba94d6d7812a262b1b2ca3b7aec22ea6c11,HaveIBeenPwned_Compilation_2026
pfitzgerald568@mail.com,163a417b696d2ca5712e3c98b7c3f286b94ed461d60186716ff5209101b46cb7,HaveIBeenPwned_Compilation_2026
lisa.smith@acme.com,9e9988a3fa1042ded7b172661522d02070ae42ebef52e90f348e1bed2ecf798b,HaveIBeenPwned_Compilation_2026
haydenjane846@globex.com,4448622eee73088f0462735b44b52e58518058dc3dbd33891322ca77e57cc849,HaveIBeenPwned_Compilation_2026
anthony39253@protonmail.com,25019bc94d1675d58399bd54a0489461a3998dc42f6234efc5b5f6642772c843,HaveIBeenPwned_Compilation_2026
bclay274@zoho.com,044659c0c56c285909108ff18788d85e728bf1a94e4a87a080bbb68fc340393c,HaveIBeenPwned_Compilation_2026
antoniobarker679@oscorp.com,8f674bf20fee53196cfd2c3000ce7cd94b1bf694ae42bd925837378e9674339a,HaveIBeenPwned_Compilation_2026
luis67794@stark-industries.com,26912e6de93acb67e8352cc821e61b8d61f145c75f33be976565a39bf67673ed,HaveIBeenPwned_Compilation_2026
jasonhill672@protonmail.com,d0bc6f30cc0bb1d1723da994696453f5fa655183668466d831c16a8eb38eea30,HaveIBeenPwned_Compilation_2026
reidsteven66@lexcorp.com,8c1fda2311f39046087c67f7142f6878b137f520662538436c767de497cbdfe5,HaveIBeenPwned_Compilation_2026
josephshelton124@zoho.com,662118a7f2c95f775a852ffc0040b20717d025434d6cdca93cf96d8c66248f9d,HaveIBeenPwned_Compilation_2026
martinezashley724@protonmail.com,666d5ce2ca36d62207468aeb42482c12f7a9da0ee7f5704af58526d19b57f019,HaveIBeenPwned_Compilation_2026
james94949@outlook.com,4934790bb3e7a4e11fc17a1c31adf4e66664d0604a0b4a8c66bb07fd61b12d61,HaveIBeenPwned_Compilation_2026
