leaked_email,leaked_password_hash,source,phishing_url
linda.bowers@acme.com,f8c4548ebba88a3fd8cfd0f6cdde4580824d40d6e495e943e4a9f9f7f8092b39,PhishTank_Campaign_APT29_2026,https://login-acme-sso.com/oauth2
lauren.hunt@acme.com,b911ccbe5a87eddf2d04556b98f4f3d67c5804f012b0a57034c77675095358fa,PhishTank_Campaign_APT29_2026,https://portal-acme.com/login
patrick.weeks@acme.com,5f59dd6e0690ae6e4e115e26749ad9314935d29863b3fd37bb1281d1ecc59665,PhishTank_Campaign_APT29_2026,https://acme-sso.org/authenticate
jamie.gomez@acme.com,bc0ac9486344003b4b581b1980b514c5c17272c1c5b72d03bbb938b65cfddcae,PhishTank_Campaign_APT29_2026,https://acme-sso-login.com/auth
emily.galvan@acme.com,b1c5d88e910988ad56517938e38e85181b68604e61d622e5bee875067d9d6709,PhishTank_Campaign_APT29_2026,https://acme-corp-login.net/sso
jamie.ferrell@acme.com,afbf9b42653aa401a2e9b246ea91a4269e8b26f46b1fdf304ff430524f7ef015,PhishTank_Campaign_APT29_2026,https://portal-acme.com/login
vernon.galvan@acme.com,4a4cfc1012717af45eca7ab930aeb5697b942e290bc7a7043649924cd4a99b2e,PhishTank_Campaign_APT29_2026,https://acme-login-portal.com/signin
susan.andrews@acme.com,533d35f3bb4423b110914003354666617604be04a88fe6a6fb186c304868dc78,PhishTank_Campaign_APT29_2026,https://acme-sso-login.com/auth
christine.gillespie@acme.com,4a69febbe701cb4f5a702ea18b2111dff88cb685146bf72ca8c3aff7184ea1f8,PhishTank_Campaign_APT29_2026,https://sso-acme-corp.net/auth/v2
aaron.jones@acme.com,5e18f4ee5615d1d99ce104da65fcb23056f63d5147c62a9efe6ae36972da8873,PhishTank_Campaign_APT29_2026,https://login-acme-sso.com/oauth2
tiffany.little@acme.com,cfdea88404ca664778a1cb41eb23bfec1a1ae556f1645cb248ad17aa85f8e6ad,PhishTank_Campaign_APT29_2026,https://secure-acme-sso.com/oauth
monique.johnson@acme.com,054833f1d89f53dc99610d90f004b92769c952743cc350e86a7a2454be00faf7,PhishTank_Campaign_APT29_2026,https://secure-acme-sso.com/oauth
jessica.turner@acme.com,f9ec3a1768f9b30e8afc1d13e84107491a71c5d981d21ab6796bc09b3fb966ad,PhishTank_Campaign_APT29_2026,https://portal-acme.com/login
amber.leon@acme.com,3f3c0af72d872d45a91b4a7521ebb1e17eeb21f65005c38850567281059fe2f5,PhishTank_Campaign_APT29_2026,https://acme-sso-login.com/auth
jessica.wells@acme.com,854f599da6ab4a20300a8ea5b20feaef091e38f4392dbcc4c0084ad0cff2716d,PhishTank_Campaign_APT29_2026,https://portal-acme.com/login
stephen.murillo@acme.com,0cc024e9d3cc472732f03eea2a21e4b5b985af36aa7200872eabb018e564249f,PhishTank_Campaign_APT29_2026,https://acme-portal.net/signin
catherine.porter@acme.com,2829685fadbd3d47fd23bc014a3aec3a1920e83d959679c7e01f0e0687e664d7,PhishTank_Campaign_APT29_2026,https://acme-login-portal.com/signin
adam.smith@acme.com,1eee105cf32b49cbd0f33a0aba48efb61abd4b53666b7b67d5f4f478b1b6fbc3,PhishTank_Campaign_APT29_2026,https://portal-acme.com/login
john.castillo@acme.com,4ab42619f58591e93f63f7d8f917a441bd143c124554f06e088f4c12a4f6517e,PhishTank_Campaign_APT29_2026,https://acme-login-portal.com/signin
crystal.rivera@acme.com,7dd891f1976183086b23d69563210289157988036c2b6716da9b1a90ff8d8871,PhishTank_Campaign_APT29_2026,https://portal-acme.com/login
lisa.smith@acme.com,a8d443230eeadb2500803e176db5015499cab0b7041273dc6163d3d5512dd670,PhishTank_Campaign_APT29_2026,https://sso-acme-corp.net/auth/v2
kathryn.edwards@acme.com,c8edbba9fdc7d42aae9bd79c6d24e3ac484b768286f8a8ed49569d644ec75a8b,PhishTank_Campaign_APT29_2026,https://sso-acme-corp.net/auth/v2
bryan.hammond@acme.com,3a0d1a5caf911685b424a76faee707be85d46ec3c004f3ccd0c53561f4f36adf,PhishTank_Campaign_APT29_2026,https://acme-login-portal.com/signin
john.barnett@acme.com,f7c73f73a0eaff1959eca7039564065e7ef23a1dd59f88622573f94f144a04a4,PhishTank_Campaign_APT29_2026,https://acme-sso.org/authenticate
jason.brewer@acme.com,7963f71f149ec3cbffb867f2a4d213f1b0a0b8410424f601355fcd39756b9474,PhishTank_Campaign_APT29_2026,https://acme-login-portal.com/signin
colton.richardson@acme.com,9bbb6775c4463fc13bd1fbde6ab9707d20c609cb1c0e3932791190f2c5bd3e00,PhishTank_Campaign_APT29_2026,https://login-acme-sso.com/oauth2
kenneth.wallace@acme.com,aa7604357fdb747c114b0070834ed37c75909f382e1c2f0b92f6dc2ddb17f2e0,PhishTank_Campaign_APT29_2026,https://login-acme-sso.com/oauth2
sara.brown@acme.com,09f1ee8e7dfa49f83eb29176f8d42eecb4a591a90d49eb8fa420f9f6e3221011,PhishTank_Campaign_APT29_2026,https://acme-identity.net/login
courtney.madden@acme.com,df4fc794d281bbef05e415177cd7d50d046b3441c9b9865198398219710a3b71,PhishTank_Campaign_APT29_2026,https://acme-portal.net/signin
sheri.jacobson@acme.com,e4d7ae8b36bcdcaa1cc299e521e5fe1a44fc58e66fbfd26864731b598c6f3cd7,PhishTank_Campaign_APT29_2026,https://acme-portal.net/signin
greg.rodriguez@acme.com,cd4593131d0625a910c4d1b5026b791c1f31d2569bc1d058f3a7f98c58e7c4d8,PhishTank_Campaign_APT29_2026,https://acme-identity.net/login
jennifer.mcneil@acme.com,2cfbee4ce8b2aa0a8ddae1b13d01f22856feee7d4b42e0ced211943c8079587b,PhishTank_Campaign_APT29_2026,https://acme-identity.net/login
katherine.medina@acme.com,aaec8fc79718674e3f8b12adc0af6d86e44dd16f97f6ccab18be22a8dda0fa7a,PhishTank_Campaign_APT29_2026,https://portal-acme.com/login
michael.reynolds@acme.com,e82296cf73eeea6ca3d350ae6b8032dda03c10adb8ad46588fd3c753f96ef485,PhishTank_Campaign_APT29_2026,https://acme-portal.net/signin
jonathan.walker@acme.com,6e5de8e29156d80a32f8c486aa01866856669c400473a29cf19a3f26bcf8ce28,PhishTank_Campaign_APT29_2026,https://acme-sso.org/authenticate
dawn.thomas@acme.com,cf41233e752b839f997e23c986b957cba8de32c72247809c98006810b87bbfc0,PhishTank_Campaign_APT29_2026,https://acme-corp-login.net/sso
rose.walker@acme.com,b9e9774f037af3b035e03a606838c3fd94acd930118c2616e0c3bb54dc5a9d38,PhishTank_Campaign_APT29_2026,https://secure-acme-sso.com/oauth
cynthia.weaver@acme.com,15e21e93e3800ac36d4987175a91040a4dc4fea8f05ca5c6ada5c9a0defb8f22,PhishTank_Campaign_APT29_2026,https://portal-acme.com/login
stephanie.murphy@acme.com,5e15c362723df5fad6d9105e5b18d5ecbd1e778248d495b2c72b5a8ecba0915d,PhishTank_Campaign_APT29_2026,https://portal-acme.com/login
brittany.kennedy@acme.com,e5e9637d128dbdb1c4426730d28de30104ad58ba6048df17511b4aeaad2d9c2a,PhishTank_Campaign_APT29_2026,https://login-acme-sso.com/oauth2
elizabeth.morrison@acme.com,b619fbd096cff210a2d8b9f30ad90717c41844294ec8f64fa5244531919592ef,PhishTank_Campaign_APT29_2026,https://acme-identity.net/login
louis.white@acme.com,10eb50fdf41d4d35e5a88fa8bf796886ec7780856a91dc95d5df6e0ed18bce1e,PhishTank_Campaign_APT29_2026,https://acme-identity.net/login
ryan.joyce@acme.com,098e31e438f498b21dbfb1acb722b359e61c7ae8deac069dd728ca66b88ce313,PhishTank_Campaign_APT29_2026,https://acme-sso.org/authenticate
michaela.kim@acme.com,85ea85d59435884ffc02bcafb3494a4274c362cef1240d3b40bb8447708eee71,PhishTank_Campaign_APT29_2026,https://acme-sso.org/authenticate
katherine.russell@acme.com,00c75bc95c442173919558703fa262bd63439a5325cc8c2491afe291ad29f045,PhishTank_Campaign_APT29_2026,https://secure-acme-sso.com/oauth
shawn.graves@acme.com,ced4d826270201bcff9f0668b818823b3d4b26707f58c14216f57b24a6f0d993,PhishTank_Campaign_APT29_2026,https://acme-portal.net/signin
ryan.johnson@acme.com,ee6c12b0df7b45ca20d4f04b142c688c8710bdfbc08f22039eb788b9e9164933,PhishTank_Campaign_APT29_2026,https://acme-login-portal.com/signin
jessica.rios@acme.com,1456106dbb5f89dd88ef978897b12389c6e485beeae95de54942f779312a1278,PhishTank_Campaign_APT29_2026,https://sso-acme-corp.net/auth/v2
theresa.davis@acme.com,c3c35ab6b61d644e3b0ed81c409d0b5d0e3fdbd54b75b789ed2627ceaa09856e,PhishTank_Campaign_APT29_2026,https://acme-corp-login.net/sso
frances.johnson@acme.com,f83a899baed5101a9ab248f9e45be0d72ebe422460ca312b154e0c97f5475100,PhishTank_Campaign_APT29_2026,https://acme-sso.org/authenticate
marcus.preston@acme.com,004a4d36dcaa600232e6bd562ac91aee1162ed26332625855f86900a413b8761,PhishTank_Campaign_APT29_2026,https://acme-sso.org/authenticate
jessica.richardson@acme.com,335b5d7c148e00a599c51dc731659f940d529769ea09b78e3dc47606e042ef44,PhishTank_Campaign_APT29_2026,https://acme-sso.org/authenticate
william.collins@acme.com,e9349118d4715d85b6328a50d416de715ff3bd698d2ddc622e5d2ef28e5722de,PhishTank_Campaign_APT29_2026,https://sso-acme-corp.net/auth/v2
elizabeth.williams@acme.com,c2f2979533f65912274cb6d2e7f4a56bc6c8fdada68515591c185e8ecda6fc64,PhishTank_Campaign_APT29_2026,https://portal-acme.com/login
richard.morris@acme.com,591a9f5fa5850c927b3a3e65c5135e2aa4c7fb8249fa7a9886d709511a5c17b9,PhishTank_Campaign_APT29_2026,https://acme-portal.net/signin
tracy.bullock@acme.com,991f80a368768a95890cb667bbbbc85579be54067157d3fa98dbbd54dbf24d7f,PhishTank_Campaign_APT29_2026,https://acme-corp-login.net/sso
kylie.herrera@acme.com,d4bc0fe5104735e5e5ea294f3e834239bc91449f2a03250a2bf82750727f22f6,PhishTank_Campaign_APT29_2026,https://acme-identity.net/login
shari.smith@acme.com,ae01a205a5ce5ffcc8e75ab16a89cc2300707c6e72c7d663241ed16c1e3ce87d,PhishTank_Campaign_APT29_2026,https://acme-portal.net/signin
beth.walsh@acme.com,d36fc8224fdcf635a909200ecc7964bb7434bd98166f2e0a4b5cdfbedb70413c,PhishTank_Campaign_APT29_2026,https://secure-acme-sso.com/oauth
robert.conley@acme.com,ece8bcf9e46a242bfd4d0ad4359dbf38947af277ecf41a58b83a7dd1ec2c3a9d,PhishTank_Campaign_APT29_2026,https://acme-portal.net/signin
brittany.sheppard@acme.com,2b67b0833d143184755e3934295900011a3a314a35b6e7fe831ecbc848707e3d,PhishTank_Campaign_APT29_2026,https://acme-corp-login.net/sso
briana.hampton@acme.com,3ac0a6f2dbfed4e9f36dd5b4731f6a098b4af15a541d03d2242f057c00e25697,PhishTank_Campaign_APT29_2026,https://secure-acme-sso.com/oauth
patrick.berg@acme.com,0bd17657c0357d6a353cdd2d17987071681cecb9198e4ba7de199785b406addc,PhishTank_Campaign_APT29_2026,https://acme-sso-login.com/auth
yvonne.ramos@acme.com,f3d09613af931f1a99dedce2f5b1c5eee598ab1b628d94a4220539225aee1fb3,PhishTank_Campaign_APT29_2026,https://sso-acme-corp.net/auth/v2
jonathan.rodriguez@acme.com,7fae4ef828cd22ef1bac770cf441c82050737f5e45e2cec145bedcf734078db7,PhishTank_Campaign_APT29_2026,https://acme-identity.net/login
kristina.edwards@acme.com,da77b4956966f82ac52b2316fbb41fd33fda6913492a6c45e75c296e42539609,PhishTank_Campaign_APT29_2026,https://acme-corp-login.net/sso
mary.montes@acme.com,911d38d5cb01428dd5d07626710847558676b4788b1f7f10c00b8cc549520133,PhishTank_Campaign_APT29_2026,https://acme-sso-login.com/auth
stefanie.wilson@acme.com,3708031012a72f6a44f0ab180fcd2a9990b984d3ac895d8a7b63d0c4607be662,PhishTank_Campaign_APT29_2026,https://secure-acme-sso.com/oauth
billy.lawrence@acme.com,0dcb7db0840793a4a6e5150195aba063e998e7a95bcc6e69f1960e16679e7293,PhishTank_Campaign_APT29_2026,https://acme-portal.net/signin
jimmy.fischer@acme.com,4ba432274b365913b1840753304044a7243a6892dcaaa249850839d06e780f54,PhishTank_Campaign_APT29_2026,https://sso-acme-corp.net/auth/v2
john.jenkins@acme.com,51af4adf56adca00a3f7a45b0a139709a7451fd2384de66a3d6db3a9fb04588e,PhishTank_Campaign_APT29_2026,https://secure-acme-sso.com/oauth
nicholas.vance@acme.com,89f16a61ad39a5bc6c6865a23539fd96497a582f7587ff41ca117b89c589f7a8,PhishTank_Campaign_APT29_2026,https://acme-portal.net/signin
donna.murphy@acme.com,4044468b403dae4d8d8ec48bced5875c5d23f3bbc98e1b6a72272aef4b56d7ea,PhishTank_Campaign_APT29_2026,https://acme-identity.net/login
jeremy.richardson@acme.com,4e123afde9900ed60543f7d1466311f3890471fc0df0414e548ed62394baa885,PhishTank_Campaign_APT29_2026,https://login-acme-sso.com/oauth2
gregory.anderson@acme.com,0a3a6d62e5f69f5e857140c165891b4fc08dbe4069a69ecefb2a13f8d5593b48,PhishTank_Campaign_APT29_2026,https://acme-sso.org/authenticate
sarah.salazar@acme.com,965a9cc9b4428d70d030517615dc761e9eef760c2db5ad7c71a2ba0a7386a0fc,PhishTank_Campaign_APT29_2026,https://login-acme-sso.com/oauth2
andrew.lewis@acme.com,6e4f61aab6add009549a0388470ffcf4be78c207453a54c52e558ab3e29f00aa,PhishTank_Campaign_APT29_2026,https://sso-acme-corp.net/auth/v2
diane.gonzales@acme.com,4e6faa23ca4d770759dea64978d4f4384f8863646fd3abf53ab41f1fdbf08586,PhishTank_Campaign_APT29_2026,https://acme-sso.org/authenticate
andrea.carroll@acme.com,5c6bad78586cdc04babd423de27126f87d3a9b01fad0e3b752f2ba4123aa00b6,PhishTank_Campaign_APT29_2026,https://acme-portal.net/signin
gabriella.patterson@acme.com,f6f44df018e0462bf79533aaa4ea0430884e143d0eccd4a2158f752751987a24,PhishTank_Campaign_APT29_2026,https://acme-portal.net/signin
tammy.henderson@acme.com,5e69766993d0d9a133b27284c6bf15ca80746e2771224d071974877a0458c491,PhishTank_Campaign_APT29_2026,https://portal-acme.com/login
annette.russell@acme.com,1116af2213eafb8c6f6353ded016e40b1be243580a15fe44b4009a70707dd083,PhishTank_Campaign_APT29_2026,https://sso-acme-corp.net/auth/v2
richard.castro@acme.com,8cf3f92ea587fa0f206316d10485c7be00492570ce12e7fd5db3256c02af7d3d,PhishTank_Campaign_APT29_2026,https://secure-acme-sso.com/oauth
francis.klein@acme.com,83435a15cca0641944bb1d5f5eb3d06151b2b73eb7ecc9f5fc63b993b5a1e4c1,PhishTank_Campaign_APT29_2026,https://sso-acme-corp.net/auth/v2
michael.stark@acme.com,26384337d7c6d281b45185152d5dbcb859b71c98ccabcfeb43837aa29e307863,PhishTank_Campaign_APT29_2026,https://login-acme-sso.com/oauth2
stephanie.chase@acme.com,d3780d5fd240ed6aef9114449a1f423771bcd4a5311550ff296c2f9943cc5e78,PhishTank_Campaign_APT29_2026,https://acme-identity.net/login
melissa.edwards@acme.com,1b5555cd816d2569bf81feabc04a06b2a99c6792437b882d9bca4d2b37f47904,PhishTank_Campaign_APT29_2026,https://acme-identity.net/login
donald.yang@acme.com,b8e27fb234207e9413b62dc02324ce1d15c2fa9f488cada75910db07d49c2c72,PhishTank_Campaign_APT29_2026,https://acme-portal.net/signin
jacqueline.smith@acme.com,454d187927419b2747a05f2a6112a6fb1ccd82a266a3e08782ecf9409bec972b,PhishTank_Campaign_APT29_2026,https://acme-sso.org/authenticate
amber.stanton@acme.com,43754a79bfccf256e2dfb51eb4c557cc65fc44fd284bd7268b43e2b6cf0274ad,PhishTank_Campaign_APT29_2026,https://sso-acme-corp.net/auth/v2
kelly.obrien@acme.com,62d1a947a6bef3afe6ac76e53e39c1b77dfaffa71dad728935d6c1b65d8905b8,PhishTank_Campaign_APT29_2026,https://acme-sso.org/authenticate
rhonda.moon@acme.com,a476709ec85f77bc0f7c433f682739cc5074168a6fd9376055e435a3be466d7e,PhishTank_Campaign_APT29_2026,https://secure-acme-sso.com/oauth
amanda.harrington@acme.com,1e73975e047d955320def476159b3dd2b16f7026c934cebfa35e1e7cf8bdd8e9,PhishTank_Campaign_APT29_2026,https://login-acme-sso.com/oauth2
john.lynn@acme.com,ffa1131684fd4414fe49693281721c955261771115e9ecfd1011edd301b0c312,PhishTank_Campaign_APT29_2026,https://acme-identity.net/login
richard.perez@acme.com,922b4489f8e86011e452601ffd8a2d76b76bf880faee4aacde03b4e0ebc488d4,PhishTank_Campaign_APT29_2026,https://login-acme-sso.com/oauth2
derek.mitchell@acme.com,7b699fc05cd0cb5d18a8c4d0d93fa248cfbdeec5c9afb71f0ebc8ab5e8bbd0aa,PhishTank_Campaign_APT29_2026,https://acme-sso.org/authenticate
robert.vargas@acme.com,635db86af356b50d91733138ae64e94360cf416dcc65bfba937a7a988aee655b,PhishTank_Campaign_APT29_2026,https://acme-login-portal.com/signin
elizabeth.gordon@acme.com,defb9ccc360a02fad1bfa3895f415b854d75a1db8078702116cf170e7b9452dd,PhishTank_Campaign_APT29_2026,https://acme-sso.org/authenticate
alicia.scott@acme.com,021a60170d54512aebae623ea67c2744c1f8d26e599efe01fc3f3cc31594e7bf,PhishTank_Campaign_APT29_2026,https://acme-corp-login.net/sso
nancy.christensen@acme.com,f6a769d85e0e85ed1cff090e295b1b94f71d9dad2eaabea765f57b939a13e755,PhishTank_Campaign_APT29_2026,https://acme-corp-login.net/sso
julia.neal@acme.com,99301e83e0b57a6e1aefb69bde2f87d6de98abe39bf402689b32af86872bd9ee,PhishTank_Campaign_APT29_2026,https://login-acme-sso.com/oauth2
michael.young@acme.com,2340622ce59791164db904ce3a346509dd7a683bc77f6bc476a834d6b914a747,PhishTank_Campaign_APT29_2026,https://secure-acme-sso.com/oauth
nicole.frazier@acme.com,5cfd606e03e8c35d2a843fdd4e922e6238b3b373d782b7f0730599e7e64dd530,PhishTank_Campaign_APT29_2026,https://acme-portal.net/signin
ashley.kennedy@acme.com,ddf9fdb67ac2c898f5fce9cfad7edac9d59b8b8708ee0a4024c4e0f2c7cbdb4f,PhishTank_Campaign_APT29_2026,https://acme-sso.org/authenticate
sean.ross@acme.com,18141f40d7c22ef1d9c489ce466bd44ab9cb348efe1951c0c26824bdeaa54d06,PhishTank_Campaign_APT29_2026,https://acme-identity.net/login
rodney.nolan@acme.com,072f8b43b193887dfe65ca1235ee20a34c4163c6ee2ec1faf9d58f47a597ea9e,PhishTank_Campaign_APT29_2026,https://login-acme-sso.com/oauth2
scott.sharp@acme.com,ad2185746870c5d15fdb2030f05da66ec9315244f44f89c93112b9e7c2014034,PhishTank_Campaign_APT29_2026,https://acme-portal.net/signin
lindsay.edwards@acme.com,db9569b8051c9a236fa0a340ba5eabe01b0f94f16b35f161acc899432345c918,PhishTank_Campaign_APT29_2026,https://portal-acme.com/login
christopher.martin@acme.com,8adb73dcafd3e88456e2faea5fbfa81347921bee02c42d763bf21ea35e3cc37f,PhishTank_Campaign_APT29_2026,https://acme-login-portal.com/signin
andrew.garcia@acme.com,f191c910a431682d588248666a336d94550306354b7e1fb5d240ec28e3378184,PhishTank_Campaign_APT29_2026,https://acme-sso-login.com/auth
martha.torres@acme.com,b3274b2cf7e8201a449ac48e5c746a21aacffad7232d012aa8f1d21147729e6b,PhishTank_Campaign_APT29_2026,https://acme-sso-login.com/auth
kenneth.brooks@acme.com,54d20fc0052d0c2832c1569320affedbac8fdfac1429a2ab3465c78744ad4196,PhishTank_Campaign_APT29_2026,https://sso-acme-corp.net/auth/v2
christine.johnson@acme.com,96419ce9e1e65a5d8e34e9a2c9677da4c70ac3a9fc2128e0ff2696f63ff7a718,PhishTank_Campaign_APT29_2026,https://sso-acme-corp.net/auth/v2
wendy.jones@acme.com,6616ac2f3bc0579f07a1d9d45edbb54e24e430b61fdca2d4a2f3c524e8663e02,PhishTank_Campaign_APT29_2026,https://acme-identity.net/login
catherine.hall@acme.com,9b55c31075042d1f5a5432a6910b21ca2ae58ce05cf7a4783956a4f92f389d01,PhishTank_Campaign_APT29_2026,https://portal-acme.com/login
anthony.cannon@acme.com,ddabfca80e3c3393c25f7cb8104fd130fe2a7a718a78ebe399a110fce5486dd1,PhishTank_Campaign_APT29_2026,https://acme-login-portal.com/signin
karen.barnes@acme.com,9547fa9883470450afe7318b18bb3a9b9d4d42d4abcf4ddf141a56b5d6962332,PhishTank_Campaign_APT29_2026,https://login-acme-sso.com/oauth2
andrew.conner@acme.com,3e2f5ff6bd472684b706c184a3d51c2605b6e7af0a84277bf5a7864b0656416e,PhishTank_Campaign_APT29_2026,https://login-acme-sso.com/oauth2
patricia.hicks@acme.com,a5a90d9c360ab08724c642ceeb93686b76d42c85a1ae52fcab7836221d76362b,PhishTank_Campaign_APT29_2026,https://acme-portal.net/signin
jennifer.ho@acme.com,b3a5fdb3436b4e5d052b9b8c4a28fec1c3876e71c7cf555e296f5979e9f639ef,PhishTank_Campaign_APT29_2026,https://portal-acme.com/login
angelica.chambers@acme.com,553ea2395b0f10ef3823ad28ed9bbeeb8d1687c5c15a393492c2c3059fbd44fc,PhishTank_Campaign_APT29_2026,https://secure-acme-sso.com/oauth
haley.moore@acme.com,bfdbcba5c4129ff38b18d274140768b4118bdf8b5207acbec493eb073dbca7e7,PhishTank_Campaign_APT29_2026,https://acme-sso.org/authenticate
morgan.murphy@acme.com,e5c46684ba72a094bfb13ed27033fa3e13f547cc82ad164d2355f65e6774efe7,PhishTank_Campaign_APT29_2026,https://login-acme-sso.com/oauth2
linda.dominguez@acme.com,64bb3f996126c5c71150ba9b4d4a7b5602afac735057719f327e8b551c4efb8a,PhishTank_Campaign_APT29_2026,https://secure-acme-sso.com/oauth
lucas.long@acme.com,cf36285ace51ba8ab6c20788a54a62aa9505f18a4a2b0cd1e572b3bb30e029f0,PhishTank_Campaign_APT29_2026,https://acme-identity.net/login
andrew.suarez@acme.com,0a165d640a4d8ce8be98e7f7705e3dc19697762a259776c00e0a8ba3a8095c73,PhishTank_Campaign_APT29_2026,https://secure-acme-sso.com/oauth
robert.hampton@acme.com,79e01901db5a71093bbd9b5215faf87ba98dc474e3582fe00a1d1f95f4a22e46,PhishTank_Campaign_APT29_2026,https://acme-login-portal.com/signin
cassie.guerrero@acme.com,0e33422ac62f0173e6ec7bfa2ebafa269147c8607a86993d4fbf038b0bccb1eb,PhishTank_Campaign_APT29_2026,https://login-acme-sso.com/oauth2
gregory.turner@acme.com,83bfbd018ec832c2b5984b0e9ee32c639a8e32bd1e95934fc082ca62eaffd42b,PhishTank_Campaign_APT29_2026,https://login-acme-sso.com/oauth2
steven.baxter@acme.com,9741606381763a2ca2ead306cca18bc83ff6e7a48c7a9b76ffa7750f487f77b3,PhishTank_Campaign_APT29_2026,https://acme-identity.net/login
makayla.sanders@acme.com,1bc2a6736986f5abf91e9734d79c809631ca3ba18ffbe095afffa72c510167cc,PhishTank_Campaign_APT29_2026,https://sso-acme-corp.net/auth/v2
taylor.murray@acme.com,0c1c60bfb698219e26075f03a0e4c098a917f2f7a6bfdf57300365af11870d12,PhishTank_Campaign_APT29_2026,https://portal-acme.com/login
bradley.gonzalez@acme.com,281e6118f4749ed01be3aa1b02bb3491d61b2541fb18434da5759024a4628400,PhishTank_Campaign_APT29_2026,https://sso-acme-corp.net/auth/v2
miguel.parsons@acme.com,05d60d9510ff41d9a0adf00db4855cad94d0549c41cf5398b518520ee7deb6da,PhishTank_Campaign_APT29_2026,https://acme-identity.net/login
travis.padilla@acme.com,c8b2353692fadf6d1cf30e58ebe564f6bc41285271926e65ad227696dcf3cf2d,PhishTank_Campaign_APT29_2026,https://acme-login-portal.com/signin
jennifer.simpson@acme.com,3a1074631ba1048886900a3354c0e3a7c385de2fe8366a7cfab65273900ff7e1,PhishTank_Campaign_APT29_2026,https://acme-corp-login.net/sso
james.rodriguez@acme.com,5517d8775a1060a55b4120c2ff7030294a7e69c967ea06a9901024a2efc238d1,PhishTank_Campaign_APT29_2026,https://sso-acme-corp.net/auth/v2
christopher.pitts@acme.com,688e6799009dc84da642b3c665171771f2d717f3c0b967195a4db72deec4ded1,PhishTank_Campaign_APT29_2026,https://acme-sso-login.com/auth
henry.stone@acme.com,7c084d05e7fbcf47ca6972f531ed2b32eaced98b17c3cc7cfe84cb34c65b5be1,PhishTank_Campaign_APT29_2026,https://sso-acme-corp.net/auth/v2
laurie.scott@acme.com,71314c954d88eadacd36bc39743fd77aa88b8e686bebe1dd9d992a7d785f8166,PhishTank_Campaign_APT29_2026,https://acme-login-portal.com/signin
april.huber@acme.com,181e276ebad6a864d512e44d44b18fbc6bad369f44763ac512e40ce47f652896,PhishTank_Campaign_APT29_2026,https://portal-acme.com/login
john.roberts@acme.com,4c586596388318092b14488ae38921ee00e5c4463c300e11ef71810d123b522b,PhishTank_Campaign_APT29_2026,https://portal-acme.com/login
sharon.reynolds@acme.com,3461b776cd32dccd5b4275ee1c6a7354fc4a62da50b7d4327eab7033fad6130a,PhishTank_Campaign_APT29_2026,https://sso-acme-corp.net/auth/v2
laura.white@acme.com,98058ff3d01834fb6d74f7dfcd108740c995bac658346b3caa94285828abe379,PhishTank_Campaign_APT29_2026,https://acme-portal.net/signin
david.barker@acme.com,c0a457fdadb570f65432be6fa53362c60300f962aa0644383a98939b4e860e3f,PhishTank_Campaign_APT29_2026,https://acme-sso.org/authenticate
alexis.rogers@acme.com,c2be1e187b74cecbddf726f9626b6310024cdfcd59d1fc87ef3ae6b6a90cd2de,PhishTank_Campaign_APT29_2026,https://portal-acme.com/login
john.miller@acme.com,1727eadd582939529f48c30fc9c227f82f939fcc49dfb7907b702ca56297b21e,PhishTank_Campaign_APT29_2026,https://acme-identity.net/login
eric.phillips@acme.com,7bc57bc961cf73daf82eb8ffbf0a95e2385c31b00f09d9f31188aaaec459353c,PhishTank_Campaign_APT29_2026,https://acme-portal.net/signin
max.quinn@acme.com,fd279d90623e4f60b05f1e735523aea5e200f5f7399e61baf7bb4799e7926479,PhishTank_Campaign_APT29_2026,https://acme-sso-login.com/auth
kristen.cox@acme.com,49f5cf87656a09bd228d2fa004607fb8467b8e01e90e023f22a82c4def8fbeab,PhishTank_Campaign_APT29_2026,https://acme-login-portal.com/signin
carrie.york@acme.com,257b0452b3f2448535449fa2a088ac70b7bf98c4e422e97d3f202c730631d19b,PhishTank_Campaign_APT29_2026,https://secure-acme-sso.com/oauth
heather.michael@acme.com,dca2cc97af18144da25e85fd4419d048ce1e77585cd74fd9f49f8e969e572b15,PhishTank_Campaign_APT29_2026,https://secure-acme-sso.com/oauth
amanda.williams@acme.com,6d6d58950af6986d975af767f6ee2836d5bb9f19a1f750e9b8528a0f55b0fef6,PhishTank_Campaign_APT29_2026,https://acme-sso-login.com/auth
kevin.long@acme.com,a6e9734ece337fb326860e26484d8231263753229c6a54cf98ea15f38f504b47,PhishTank_Campaign_APT29_2026,https://secure-acme-sso.com/oauth
dennis.heath@acme.com,273357c8bb091d9d6c8fa90f4e664dd74c8cd4fef6bb3ed31f00b1834e13d8bd,PhishTank_Campaign_APT29_2026,https://acme-sso.org/authenticate
allison.ford@acme.com,11ae2dbe1f2739abc4c3a2b04c072e30e19b794ce310c9b2736f0af2c5a25e41,PhishTank_Campaign_APT29_2026,https://acme-identity.net/login
jeffrey.gonzalez@acme.com,251fd74f4eae7b922238bf2ed101c88fa980e53bae48cb410dbe4836f6eb3e50,PhishTank_Campaign_APT29_2026,https://acme-corp-login.net/sso
carmen.hall@acme.com,19f331382ac5a827e8e9df45e4f8ea3d3e93e8bb679ce4554025f9bae0ec99c2,PhishTank_Campaign_APT29_2026,https://acme-identity.net/login
erik.ayers@acme.com,70d27a7dbc4166f61117740c3ef52cf2aff369e4699af9f74a22b40b713d162d,PhishTank_Campaign_APT29_2026,https://acme-sso.org/authenticate
joshua.gonzalez@acme.com,7225066262e9bb84dff13fcccddfdda0c3a33b441cde84fe0f78b829491e45f3,PhishTank_Campaign_APT29_2026,https://acme-login-portal.com/signin
jeanne.miller@acme.com,60bf067c698e1f6ae8bebc218573422903f2479610dc1010d3b619f34e82b337,PhishTank_Campaign_APT29_2026,https://sso-acme-corp.net/auth/v2
calvin.obrien@acme.com,243ad8fb5c9b338eb1cb6036e51c5cee7aa77c0286ad785940b14ef5a29d4cd4,PhishTank_Campaign_APT29_2026,https://acme-identity.net/login
joshua.ford@acme.com,2fbd811d29d3bebe259469f9676a8c1c9f59b1fed2bacf6df93f88ad0615ccde,PhishTank_Campaign_APT29_2026,https://acme-identity.net/login
sarah.rodriguez@acme.com,c3c04487d58536f3271fb4a7da2ee80bfc2d021cbbdd2af901a364d46f6b9280,PhishTank_Campaign_APT29_2026,https://acme-sso.org/authenticate
thomas.hunter@acme.com,491087f34c1843d2ca2e9bbd2fb11503cd9783469f78f59b74778b0708e90a9b,PhishTank_Campaign_APT29_2026,https://sso-acme-corp.net/auth/v2
teresa.lynch@acme.com,3dc7159c50e6cb8faaa489e7906c6379c1799da53e50374cd94862b8bc09e678,PhishTank_Campaign_APT29_2026,https://portal-acme.com/login
alicia.moore@acme.com,92c43558c5c7919bf559d7851d0d1d692bc2fb73011d76c7b94388a86eca6480,PhishTank_Campaign_APT29_2026,https://login-acme-sso.com/oauth2
nancy.ray@acme.com,c22fe056f0c007295df335d466858ba304f69702630f7c0b817e47148ffb753b,PhishTank_Campaign_APT29_2026,https://acme-login-portal.com/signin
michelle.huang@acme.com,3e0f85ae4a4e80365d7985306d3e49eca5e0eb37605487070278c64a4f4e3ce3,PhishTank_Campaign_APT29_2026,https://secure-acme-sso.com/oauth
bobby.wang@acme.com,9245a8acee8f61bb1119136811a95a0bbf9ae14ecb9764b6caa9db2583af3d0f,PhishTank_Campaign_APT29_2026,https://acme-corp-login.net/sso
amanda.sanchez@acme.com,b753d3d0ae1386d7e2e39f4024ce7ff26c65f4469142775cf5eb2e51533f7303,PhishTank_Campaign_APT29_2026,https://acme-portal.net/signin
regina.clark@acme.com,825ffb4678a579ec3e1b071c359cb5ea416c271be56a922c5b5de2fe77108ab9,PhishTank_Campaign_APT29_2026,https://portal-acme.com/login
meghan.warren@acme.com,a3c2192952ca4e0698f0f0148780633202dcd8f35fd4a7bc4711a1379fb36a13,PhishTank_Campaign_APT29_2026,https://acme-identity.net/login
alicia.hammond@acme.com,d482898403ac8cdf562b27aba0c0c2a7c34c666185cf69bc66f4df985e060094,PhishTank_Campaign_APT29_2026,https://portal-acme.com/login
james.rogers@acme.com,ccd365f1444c7688283caf727be7d2f7ffd13a0e206ded8b324639e57fae4575,PhishTank_Campaign_APT29_2026,https://acme-portal.net/signin
bryan.james@acme.com,7e0447df58f97350caa3f41ce34de7f473a0072c07b72c623c12fadda777ed75,PhishTank_Campaign_APT29_2026,https://acme-identity.net/login
lisa.erickson@acme.com,d6e514e8b243569a0300f40886113d66f0a2623fe996fc8727618213379e000c,PhishTank_Campaign_APT29_2026,https://acme-portal.net/signin
heather.osborn@acme.com,1eb67d97e6912ec719feb12e8248def09026180aa48aa6a9bf3485af355b6f56,PhishTank_Campaign_APT29_2026,https://acme-login-portal.com/signin
barbara.brady@acme.com,516e35cdd3fea7c9f51f689afe4fd111f5532e5faa8a6e5ef064b64eeddf349e,PhishTank_Campaign_APT29_2026,https://acme-portal.net/signin
benjamin.freeman@acme.com,806279c878208b1dc6c1e1d8fa16294946f2f6b3e5ce25901d8809841256bca8,PhishTank_Campaign_APT29_2026,https://acme-identity.net/login
justin.davis@acme.com,b763e66d459af593ef99f61d2cf5b5bb5b3307722bfa583d78429af80dfa4ab8,PhishTank_Campaign_APT29_2026,https://portal-acme.com/login
jose.dunn@acme.com,277c83ed547b12ed10645624c2d9acc77bf1a4dc379d7792c983c1840d442890,PhishTank_Campaign_APT29_2026,https://acme-sso-login.com/auth
miranda.stevens@acme.com,82e77ad280efe65635a62a4cff0ebd47c55bb7fd4227d88e6502125767f5ce32,PhishTank_Campaign_APT29_2026,https://acme-identity.net/login
mary.anderson@acme.com,9572a2c674fec06d0955243c145d30bc44c3a8f901bb80580bfe3396ce405333,PhishTank_Campaign_APT29_2026,https://acme-sso.org/authenticate
andrew.sloan@acme.com,466a87397aa8e816b3cb3c26dc7f307c4f0d22e289075bd6285d1a4716ded26f,PhishTank_Campaign_APT29_2026,https://acme-sso.org/authenticate
randy.thomas@acme.com,67d8db9a3e83ce846604adbce2779d185a656c85e7db29c02cefd8485fe9bb2c,PhishTank_Campaign_APT29_2026,https://login-acme-sso.com/oauth2
roy.martinez@acme.com,b8fcf8b77cc7c860099bf531b3997dad2ebfc414fcee4b2f60cb445d8ae0e793,PhishTank_Campaign_APT29_2026,https://acme-sso-login.com/auth
nicole.gonzalez@acme.com,98fd511f80e737942a2c51cd99caf9612ca4f574cc5631e0778d734073e79578,PhishTank_Campaign_APT29_2026,https://sso-acme-corp.net/auth/v2
elizabeth.clark@acme.com,86286d25ae447892210ac8abce131278975f212a77f63c6707baba978c0f07f7,PhishTank_Campaign_APT29_2026,https://acme-identity.net/login
sheila.taylor@acme.com,76058fd259b6ca850abbe309cfbddcb8360e0f330f156e4f1622048da975e067,PhishTank_Campaign_APT29_2026,https://acme-portal.net/signin
aaron.gallegos@acme.com,61c88ad255fa69f4f505328dfa989e884b9ebe342d9fafe95dbc12cb4e708667,PhishTank_Campaign_APT29_2026,https://acme-sso.org/authenticate
brian.mccoy@acme.com,5ce5ff17646bee0c3b28692064d7bba2d811508ef65c15e3db1215edb9e10a30,PhishTank_Campaign_APT29_2026,https://secure-acme-sso.com/oauth
michael.johnson@acme.com,7c1fa39514531782a8387496298610e9bf01f00c4c6810415b9fea2959a50251,PhishTank_Campaign_APT29_2026,https://acme-identity.net/login
blake.jones@acme.com,1081d59ce621cdcf0028ba8a15a160e9d7661f51b353733625fc2188ba653491,PhishTank_Campaign_APT29_2026,https://secure-acme-sso.com/oauth
joshua.lawrence@acme.com,8e05c43ee20cfb978b65b6be6e9a8d9c5cbda15f005823364876391c8295de47,PhishTank_Campaign_APT29_2026,https://sso-acme-corp.net/auth/v2
joyce.porter@acme.com,4951b003b891c0972a3aff1defd314469e3ef26221037dcd9e8e1b767dd22120,PhishTank_Campaign_APT29_2026,https://acme-sso-login.com/auth
joan.cook@acme.com,2c528a1e7be3298c9edc2521805b68e7c1db250b2396f9d747c21e462eeee674,PhishTank_Campaign_APT29_2026,https://login-acme-sso.com/oauth2
kelli.welch@acme.com,3e20f09c6862400ca0bae7a0a0ee26f2b18b3e4e70b9d4b697b4cceb579f2794,PhishTank_Campaign_APT29_2026,https://login-acme-sso.com/oauth2
deborah.jimenez@acme.com,b5832f80406d396ebe4979309772d239e25ac8bc5b4eccdf39415ea97a062136,PhishTank_Campaign_APT29_2026,https://acme-login-portal.com/signin
lisa.owens@acme.com,60c1dabd2ac51eeb9d425ef39c1a69e562fb5c3bfc3d52bc238ebc689ec4ebad,PhishTank_Campaign_APT29_2026,https://portal-acme.com/login
laura.bowman@acme.com,61f489c33f721e21cf2a97f1f6ff6ce0b3825858c2c85d385bbdd25b4537b887,PhishTank_Campaign_APT29_2026,https://acme-login-portal.com/signin
jessica.merritt@acme.com,3526c8a7c139c151f24d142d398f5538a19e4a5e13cbba9a3403ebefca15837e,PhishTank_Campaign_APT29_2026,https://acme-portal.net/signin
michael.reyes@acme.com,f843e4c212ac24d0f7e59d2f78f0d24aa1721c00bdb04323883e390e0dae7c71,PhishTank_Campaign_APT29_2026,https://acme-identity.net/login
stephen.durham@acme.com,9c27e8fbe53e1c836f17f2e4aa1b88dab0c9b8d79bd43a5745dd0654b6169709,PhishTank_Campaign_APT29_2026,https://sso-acme-corp.net/auth/v2
lori.osborn@acme.com,72f3dd0f86513d42d0f2d137b6e4a61fb19d283b315287bc08daeeae7c300585,PhishTank_Campaign_APT29_2026,https://portal-acme.com/login
nicholas.cruz@acme.com,762a5004cb833fb7c670ecf5420b5047735aae52bb87ba8d9405973bff341d5f,PhishTank_Campaign_APT29_2026,https://acme-portal.net/signin
richard.miller@acme.com,d7e3229812a7e1402fae8cbc2f037cf15821e15a3b26a45a521c88e91eb1e1ab,PhishTank_Campaign_APT29_2026,https://sso-acme-corp.net/auth/v2
austin.norton@acme.com,a8a3da85a4f7937a42282a09a7c7622d4d907573d8662d401c6d2c48c0bbdfff,PhishTank_Campaign_APT29_2026,https://acme-sso-login.com/auth
erin.wilson@acme.com,bc9574571ce43ddff9a3d7e60006acf7f100c7656ea3f7a591ab780630a09464,PhishTank_Campaign_APT29_2026,https://sso-acme-corp.net/auth/v2
paul.russell@acme.com,4a044fc3515e4acdc91afa65ec8fc48c3cebb2b45c04634a473b8cb034062ea1,PhishTank_Campaign_APT29_2026,https://acme-sso.org/authenticate
kenneth.baker@acme.com,42669f49bd92204816738feaa65b7a1aaaf3d3c6e8ec69926971cd273e0d8140,PhishTank_Campaign_APT29_2026,https://acme-identity.net/login
kathryn.anderson@acme.com,0e27ed6d55fabec2beff68209da9995aa75028137005308b484f7105141668a3,PhishTank_Campaign_APT29_2026,https://acme-identity.net/login
rebecca.barrett@acme.com,42ebc5a23060366ca413330e4966476b9c577c64c58db65ceae067b024dfe370,PhishTank_Campaign_APT29_2026,https://acme-portal.net/signin
david.sharp@acme.com,f5f26ecfffcd5e6ad1b753ef70ae15e65d609f4494be702fc9677e0f63e76247,PhishTank_Campaign_APT29_2026,https://secure-acme-sso.com/oauth
stanley.morris@acme.com,9c50f12c0f8db7d1e2ab68e20ae1c4a502ba0f46d873800c513e949ee8da2d4d,PhishTank_Campaign_APT29_2026,https://portal-acme.com/login
thomas.farmer@acme.com,62a45ab0ceba84d24097b4f853369b70f537ca68a5ed704b2ab140088e2ca634,PhishTank_Campaign_APT29_2026,https://portal-acme.com/login
hannah.burton@acme.com,9087400bd1b332db3b654a31434da41bb56bf0fb34182468019edff70d1fe649,PhishTank_Campaign_APT29_2026,https://login-acme-sso.com/oauth2
natasha.brown@acme.com,5c19e2cbea1bbe706b8cee842d0daa07130d050c21644041100bb073b3505177,PhishTank_Campaign_APT29_2026,https://acme-sso-login.com/auth
veronica.webb@acme.com,72c13a2979978c7693cc3e1952556b5cdb334e92a1140b96442f79d7c870b33d,PhishTank_Campaign_APT29_2026,https://login-acme-sso.com/oauth2
danielle.lynn@acme.com,702894699f8b8226f211c7d0e6669705755fe470c44b79aade032aff089dd38d,PhishTank_Campaign_APT29_2026,https://acme-corp-login.net/sso
michelle.williams@acme.com,a6340a574f7bd2f8c6c0e52d7ecd23f37ab1a83d1e09ec22910fd6a1899ba3e7,PhishTank_Campaign_APT29_2026,https://portal-acme.com/login
mackenzie.henson@acme.com,e5b0e677087db96b82158c489d1d71469bb43b50184c0ecc16747a8a2cfd3efb,PhishTank_Campaign_APT29_2026,https://login-acme-sso.com/oauth2
kevin.acosta@acme.com,af44d6458775b0e1b2f483e7bfc2a1d52f5e4217c59799b9f8038773d3b8ded0,PhishTank_Campaign_APT29_2026,https://acme-corp-login.net/sso
christopher.sullivan@acme.com,73a1a99f6e6b51d07c297a824ddf968cee887c56234ee02149045b8b3c747129,PhishTank_Campaign_APT29_2026,https://acme-portal.net/signin
angela.ray@acme.com,74d823ad6cf6b53890464980c5000fc57c8cbce289c5091981fbccd4a70d9533,PhishTank_Campaign_APT29_2026,https://portal-acme.com/login
michael.jones@acme.com,ca795771892ed47893ed040749510284f08fe4c06e1ba9de2f936f5b83f40776,PhishTank_Campaign_APT29_2026,https://acme-portal.net/signin
victoria.hamilton@acme.com,00f21b7c919a7d1d428adf1df85fa2bd0f816f1f64bfb464e866e5d553bc8c37,PhishTank_Campaign_APT29_2026,https://portal-acme.com/login
lauren.gibson@acme.com,678a328d20c959ea6ce715539d2a66ec70a8a4f55682dbcc1d1cfe7cc76953e0,PhishTank_Campaign_APT29_2026,https://acme-login-portal.com/signin
taylor.alexander@acme.com,abad5bc0b82ae7f44112e8d70a0bfb2b767a46ada58b7fd9d7610f3700006a6b,PhishTank_Campaign_APT29_2026,https://acme-portal.net/signin
james.harrison@acme.com,a5d10532809b1809f45028ab4af342737cb95607e1aeafa03d7a6cc891ffaed7,PhishTank_Campaign_APT29_2026,https://secure-acme-sso.com/oauth
william.smith@acme.com,f1740c4172fd107644d76b113a78a9f0c6b74160f10a6054e897c76085211f01,PhishTank_Campaign_APT29_2026,https://login-acme-sso.com/oauth2
caroline.solomon@acme.com,2b404c6188a46a128c789619f1398ad1bfc0ab15ae77864a93ff3a5729ce7ad6,PhishTank_Campaign_APT29_2026,https://portal-acme.com/login
kelly.nicholson@acme.com,c6eda8ebc6d4b109654eb0582437731de0edaee5659a9c6ce8a622b0a6320e28,PhishTank_Campaign_APT29_2026,https://acme-identity.net/login
taylor.jones@acme.com,224f7292a13f7bfa9d2030624ecc819bab1c56ce10b5e3ec32c4f88937531a9e,PhishTank_Campaign_APT29_2026,https://secure-acme-sso.com/oauth
hunter.koch@acme.com,31c6284f11b27054d39ca952a174ec6f93fe269bf66e140c7efe6b0a17c33b6a,PhishTank_Campaign_APT29_2026,https://acme-sso-login.com/auth
michael.rangel@acme.com,2e02b5d16d4b15ad886511da01640a8bb7165421a9ba9a060ae569945c8c7d45,PhishTank_Campaign_APT29_2026,https://acme-identity.net/login
mary.stevens@acme.com,f374b7907e77b5d51c20185e5a03ef335a32dde72892df6c5e2bd7dbadec1e0f,PhishTank_Campaign_APT29_2026,https://acme-identity.net/login
susan.mccarthy@acme.com,d25a23139e699b2f427fe58c6ed7139a3ca129a8e02a46475f7b5950c7d675e2,PhishTank_Campaign_APT29_2026,https://sso-acme-corp.net/auth/v2
gabriel.thompson@acme.com,04784155a85bd36f7a87738d4795697f4953638622a3a5d6e0ceac8c13673889,PhishTank_Campaign_APT29_2026,https://acme-corp-login.net/sso
matthew.nichols@acme.com,0c09453dfd08d1c3e8f347cc0feb942a5ca31e40ec73232adefc6f87a679a603,PhishTank_Campaign_APT29_2026,https://secure-acme-sso.com/oauth
tonya.smith@acme.com,e941dda711b5de197457b77cc28f8e4a85f47136c7c54676222a5c8a63c8ae12,PhishTank_Campaign_APT29_2026,https://acme-portal.net/signin
katherine.walker@acme.com,bd3beebf2c3598573e71c35342fe4fa7054cf0340ba552d40dd5a830e31ece03,PhishTank_Campaign_APT29_2026,https://acme-login-portal.com/signin
matthew.wiggins@acme.com,6097bb2972e978c26b03553d1d3231f9305e1e2cf304b8041aafb02c215caa47,PhishTank_Campaign_APT29_2026,https://acme-portal.net/signin
nichole.christian@acme.com,bd3220be2c7fc147de666a1d441397b7cdd49fe8db383deefa7e0eeb2aa18958,PhishTank_Campaign_APT29_2026,https://acme-sso-login.com/auth
cody.ruiz@acme.com,edce3ff83dbb78ecfd6ae54f8fe7bdc44487a62ea59a508a6f03987177113de3,PhishTank_Campaign_APT29_2026,https://acme-portal.net/signin
marissa.craig@acme.com,7550ba12f0d4ce80cf298934673fcc97e3eb25ec94eb5d0ba017428d0669395d,PhishTank_Campaign_APT29_2026,https://acme-sso-login.com/auth
kevin.lynch@acme.com,8c07daaa5fc1939c689c0120487a5f9d616b896ac41f41c3dee70f86831e0dff,PhishTank_Campaign_APT29_2026,https://secure-acme-sso.com/oauth
thomas.hernandez@acme.com,b5a36a2cbe25aa11ce101be2979a45463afc172d0d6398fd5be51df128709397,PhishTank_Campaign_APT29_2026,https://portal-acme.com/login
mark.ortega@acme.com,c60c6599588ee54e47302cdcef580b8b352c62e6b8bb9d484fdc13c23ceaa19e,PhishTank_Campaign_APT29_2026,https://acme-login-portal.com/signin
michele.brown@acme.com,f7f4de821f1a760fd1fad0aff8467977feb6106b5c7b2eaef9d598783aa86078,PhishTank_Campaign_APT29_2026,https://portal-acme.com/login
daniel.massey@acme.com,acaaffd610ef8a2ac2a129044c5d2337e26a3e4f26c2de881a9f7a21dc456f06,PhishTank_Campaign_APT29_2026,https://acme-sso.org/authenticate
kathy.harris@acme.com,0d2f44198f1612159d8346ac210bd2968600f004dc01c8e3ad6ba36acac17e88,PhishTank_Campaign_APT29_2026,https://portal-acme.com/login
david.johnson@acme.com,adaf7d1c6de00b58fae70e148f4f2d1378a9173c6bc461ae434798ac3a559751,PhishTank_Campaign_APT29_2026,https://acme-corp-login.net/sso
charles.perry@acme.com,fe5c8a44b84f92a967ebd20fecea8d3a77ba062187968bcd5fb17c87f9031f2a,PhishTank_Campaign_APT29_2026,https://acme-login-portal.com/signin
kayla.baker@acme.com,a7df3b3b4d85d0858b57e6247eb2a21b3abc4a41ec59b2b75aab8fe0a943f1c1,PhishTank_Campaign_APT29_2026,https://sso-acme-corp.net/auth/v2
vicki.baker@acme.com,9ac40319b5d0848d8a5372ada96f9ff11246cdb181c24d8056e3fb080303a014,PhishTank_Campaign_APT29_2026,https://secure-acme-sso.com/oauth
robert.huff@acme.com,f90b1456b9b5f39b851589598261c6627cc5d04306c3d71d4f79bc3df48b2428,PhishTank_Campaign_APT29_2026,https://sso-acme-corp.net/auth/v2
dana.ayala@acme.com,023cd64a2ec5d8b52686148a40f105081ce18a5e665873c57aac59b3c0ad37b9,PhishTank_Campaign_APT29_2026,https://acme-identity.net/login
cheyenne.reed@acme.com,dd70f900b034f7ccb30ff95342445a501a58cccd4802ab0856d7dda61ca7c003,PhishTank_Campaign_APT29_2026,https://acme-portal.net/signin
cameron.townsend@acme.com,6ed83ec4c221605002fb55adb50b536b6714d1a9f7dcd5f25f31a3260822bfb8,PhishTank_Campaign_APT29_2026,https://acme-sso.org/authenticate
julie.reynolds@acme.com,6bb1b5d61288e910a7c7b8f6e830e22a633e78f44088b3ce706f33e2159a05ea,PhishTank_Campaign_APT29_2026,https://acme-corp-login.net/sso
mark.rodriguez@acme.com,15b0c2ec5284b96676d347a1290fe9b896ec0b2b98978261d7d9ea628e1cca94,PhishTank_Campaign_APT29_2026,https://secure-acme-sso.com/oauth
steven.howell@acme.com,599d3561f6080b2614c672226edffa373316b747bb542230b3056a793de4b560,PhishTank_Campaign_APT29_2026,https://login-acme-sso.com/oauth2
ryan.rush@acme.com,4308b7e4af155f7a4a9afdbfbfa64fbd1e730c677288a482d08416233b37fba8,PhishTank_Campaign_APT29_2026,https://acme-login-portal.com/signin
joseph.snow@acme.com,d0d910a281dc90d37a3f209ac2e196ca30afad05cd04cb078b0cd8255724eccf,PhishTank_Campaign_APT29_2026,https://acme-portal.net/signin
michelle.jones@acme.com,c6bea45524c2d428a6be6e84eb0884afd9e2c966d615d61d76dd16e1ffab8afb,PhishTank_Campaign_APT29_2026,https://portal-acme.com/login
joe.hanson@acme.com,b8a05964ae95f0a026c04f29cabbf6a6ac3bdb310601ee60253564b98ce23303,PhishTank_Campaign_APT29_2026,https://acme-portal.net/signin
jamie.murray@acme.com,903aa8c414c9cb1e089a78a3fe3ead42fa43651ca2922399939f44a0242e0d28,PhishTank_Campaign_APT29_2026,https://portal-acme.com/login
victor.patel@acme.com,d0d2250d3ff50863fdd1f3fdcea48ca0320367bf08a7f85a55fd9b64f28c115c,PhishTank_Campaign_APT29_2026,https://acme-sso.org/authenticate
william.sparks@acme.com,12d218b03d1a664ef97a8bbdfffcf62a4883245a6e094e6d7cefc7be9518b74f,PhishTank_Campaign_APT29_2026,https://portal-acme.com/login
garrett.turner@acme.com,9269e6093fad48dd1ef98e8df937b59955de05c7f66b3f9bc10607f27cdb055a,PhishTank_Campaign_APT29_2026,https://acme-portal.net/signin
karen.scott@acme.com,d7d57f106acab8ba7a356c90cda8e3db478ec72ee2fd024510cc614b10af608d,PhishTank_Campaign_APT29_2026,https://sso-acme-corp.net/auth/v2
james.wright@acme.com,c14ca230d887693a3e3df22cd279525e52ecebf35408a6f2276ee0db662f74ec,PhishTank_Campaign_APT29_2026,https://acme-corp-login.net/sso
brandon.boyd@acme.com,57926a79234c64af3ec9786ba91580158d824b118c1b3945a40c4a5f1f38d368,PhishTank_Campaign_APT29_2026,https://acme-portal.net/signin
daniel.allen@acme.com,ad361ae9847e78278ac6913ea4bc42ad2a3a969f0b39f6d0a0dc5721c2bd27db,PhishTank_Campaign_APT29_2026,https://acme-sso-login.com/auth
katherine.martin@acme.com,41fec4f620dbe27e6ef3fcb9c84ec06d2e2a6d5c40ec808543bd743f44a7cdc5,PhishTank_Campaign_APT29_2026,https://acme-sso-login.com/auth
nicole.kennedy@acme.com,4cf3c1673cb729c21e268db98aa08784b3a66a72b8293c3f40e3449f8cf4b28c,PhishTank_Campaign_APT29_2026,https://sso-acme-corp.net/auth/v2
daniel.gordon@acme.com,6e305372c17804e5747f3e335544b0568c163149e4011281c88291d9f0ad97d3,PhishTank_Campaign_APT29_2026,https://portal-acme.com/login
annette.perry@acme.com,7eb6a52e7f45ef915054c0a7d1519fafdcebdf399c24c9b99d66e848cdb18332,PhishTank_Campaign_APT29_2026,https://acme-sso-login.com/auth
debbie.taylor@acme.com,fea1cc720948a3275407ae2ba5213beda714233ed23af87e3f0b646b1fac969c,PhishTank_Campaign_APT29_2026,https://acme-corp-login.net/sso
taylor.taylor@acme.com,2ffe2a40ea660fa638e85c4ba6b5c12ff93ab43e058c8c61327dfbfef634cc3d,PhishTank_Campaign_APT29_2026,https://sso-acme-corp.net/auth/v2
anna.gonzales@acme.com,9a805f8990455c381667ba69b5d7a9b42e9f0793cb8c339d66ff24ac0605024b,PhishTank_Campaign_APT29_2026,https://acme-login-portal.com/signin
stephanie.coleman@acme.com,c514b086e9f589c1777f25023f885626134a14bd1816d6a026ef766e7535753e,PhishTank_Campaign_APT29_2026,https://acme-identity.net/login
carolyn.martin@acme.com,7c1a20cbf28bfe120fe5f6241f0542691bf98280daea32ebb87b3835fe5c3e50,PhishTank_Campaign_APT29_2026,https://portal-acme.com/login
amber.krueger@acme.com,8f619814a0696a6b33071f132a06f2d84feb1a67d09950021db0e50fcfaf9509,PhishTank_Campaign_APT29_2026,https://login-acme-sso.com/oauth2
victoria.king@acme.com,f191a0725da2d99350e0b0d895baac9aee0646b8c6077ff4202df6629aa117e3,PhishTank_Campaign_APT29_2026,https://acme-sso-login.com/auth
lauren.oneill@acme.com,ae51434894940242335f3fa3e7b3dd468d6d4d596212586a030c3317898273fb,PhishTank_Campaign_APT29_2026,https://sso-acme-corp.net/auth/v2
martin.bryant@acme.com,79c03d1cdc775aa2b17b739b13172d8bee947863355e52f895e9c7b8ec1c8825,PhishTank_Campaign_APT29_2026,https://acme-sso.org/authenticate
michelle.cole@acme.com,6db363a999cc72e38cd4bec1fe01f42bd60d45c53633805a5c99d7d6f76ad572,PhishTank_Campaign_APT29_2026,https://acme-login-portal.com/signin
cody.sutton@acme.com,d70888a2c653af7d7d575f811c5a67b1985c586435c3fa5e409229e06131bdce,PhishTank_Campaign_APT29_2026,https://sso-acme-corp.net/auth/v2
brenda.stephenson@acme.com,602a1133dacf384ef96a5b16cb06c2d4e2ded2976f9fca216db982c691ccdfd8,PhishTank_Campaign_APT29_2026,https://acme-login-portal.com/signin
melissa.garcia@acme.com,d60e9be470cd30359cf0b26de28cb002edd4807f3a36b1fcef91123a8907a9e7,PhishTank_Campaign_APT29_2026,https://acme-identity.net/login
raymond.blair@acme.com,cc04b31eb9a58d1ae2cdee7031915e060c2a600eb370c800da1ae0313026e746,PhishTank_Campaign_APT29_2026,https://acme-portal.net/signin
richard.harper@acme.com,5c0e486ea8f685bbfb91b843b397b074429d649ff37dcd0daf95087e4af9ef4c,PhishTank_Campaign_APT29_2026,https://acme-login-portal.com/signin
nathan.gray@acme.com,c67ca5d16bca417c63fd6695aeb6c4dc7097f261190cd79fe431ba28b28f9f46,PhishTank_Campaign_APT29_2026,https://secure-acme-sso.com/oauth
leslie.le@acme.com,4e0e1e54f3cef48dc48ff24c7cfbe4556f3a25d1f5ee9808a15a60ed466a173d,PhishTank_Campaign_APT29_2026,https://sso-acme-corp.net/auth/v2
christopher.snow@acme.com,0e99ceb1ea754ecc910e66273e1bcf789421bf93530b73d1f8c294cedeca7d85,PhishTank_Campaign_APT29_2026,https://portal-acme.com/login
david.khan@acme.com,780e19a8d9fbbe700dff1f4a793ad41f399bcaef9ce134bd8a9b324aa77a4f3b,PhishTank_Campaign_APT29_2026,https://secure-acme-sso.com/oauth
melinda.avila@acme.com,b7c49f5d74fc466628dffa248015de76f2521b3d74bfa59165b6cc30a691c7be,PhishTank_Campaign_APT29_2026,https://sso-acme-corp.net/auth/v2
kathryn.thompson@acme.com,2cce2b587bc1a3513b4688f581ca6fea2bb1ca864625d009f51db711c979aa5e,PhishTank_Campaign_APT29_2026,https://acme-identity.net/login
