leaked_email,leaked_password_hash,source
samanthayork@example.com,d993f974aeba5a66d0173ff36ea94fd85cd0f2845750cae780d45975d151419c,darkweb_forum_x
robert76@example.com,be29718417e68e6224277741e4409fb315bd173215f0e198b49e868a3175dd9c,darkweb_forum_x
rebeccaaustin@example.net,2b9e4ef98d3f18ef9c0abcbc22c369dc9b5826bd53d430a8b15c271f73a4fab0,darkweb_forum_x
carl96@example.org,cf789ef7cf9e532ff454b3e4ae5afa9b0bc57c1758bd00b6e1967e631be6587a,darkweb_forum_x
michaelwalker@example.net,d38f50c1fed5fd626df01b9bde8647ffa1e07ed49c6ff0c8be39e5c65696f4d5,darkweb_forum_x
lisawoods@example.net,6f852044be41343587448e7ec1df6896a93b97d5ac192c5ccd5a615ca676dbf6,darkweb_forum_x
victorstewart@example.net,eb96a522c54d0d1d358b474b9f2598577441674177705304d46d1c214970e5eb,darkweb_forum_x
cfields@example.net,ad0a79fc2e42147a4322db4ad8656a0e99b212b8629099e14c00bdc9b6c61611,darkweb_forum_x
cnelson@example.com,f0ad47ce50fc704a627e602f5601ba1d24cf6fd6bc8a24c663d3d06ddd3398a1,darkweb_forum_x
bakerkenneth@example.org,35b77553a1fc3f776a47e0e898176fb95cdaff865d10491afeb394b71ba3f06e,darkweb_forum_x
thomasmcdonald@example.com,25e6b0de18c666c94522867af8708bfddcab7603831703a89822dfbfd43998c3,darkweb_forum_x
caseydiane@example.com,d35ae62db185e36cce57cf854b26cdaac61cf6d8d3d00c8f8f38b13149e5b46b,darkweb_forum_x
brentdennis@example.com,99066600b7ae3197c63502cfeeae06cecaf830756b959be91a03e16d5f0bd61f,darkweb_forum_x
floresrobert@example.com,d6610400ee77769a3bda18aae5f3d74c7bb3aa7e5ef82de24049bd50c94b10c6,darkweb_forum_x
rachelsutton@example.org,ee0555047c520507c77fb8abab2c388a13ca4e4e28bf2e0c0534090c7a9af924,darkweb_forum_x
rachelryan@example.org,ec6257bf3fc2ed623179e91a58fde492dbbedd8286fc14b6b57f5f83d1bda543,darkweb_forum_x
criley@example.net,fd4ba79e9c234b254f0f0e2e6745dc3c76b0d24b93a66a8de5a977516b09632f,darkweb_forum_x
thomasjulie@example.com,07d068a208ce1bbcbdb4ff55e9768abe069234169d2989db36ddbead7ae63b9f,darkweb_forum_x
xrodriguez@example.net,4ae29ceeecf2f340eda9571a032570676e4717955f1648ee4fbc05bb09a394ae,darkweb_forum_x
esoto@example.com,0dc2aff473926e73949cdab27370201e78d05219ffcb67168a7542fa7f02255b,darkweb_forum_x
timothy81@example.com,1853803baae3fcda1c3100c94f9d2d056134ba3a88e7c4ee3569f5b9b3cb35ab,darkweb_forum_x
plee@example.com,a462518c681a333337b6f7addf798bd8a4e63e03db49c2fb2df3f6e5b4ec4456,darkweb_forum_x
amandahernandez@example.org,7c3cf30c29ac2318cbe1046cd181a2b4042ebdba6d896d8e98c63484122cca84,darkweb_forum_x
saundersjohnathan@example.com,08f2420ac6f2df8b7fb1e3234f55099abc52bfa814f2873aa5e452e5dcdd127b,darkweb_forum_x
thomas.ramos@acme.com,9ff3cceefe97e0d83290cccf5df4e9f8722c9fff10e69369fbbab6208fcfe355,darkweb_forum_x
john09@example.com,cafd6642041f5ee6b9a7a916d5fe1ae7cf0dec2e5661ba3599b20f58aec97733,darkweb_forum_x
hallchristina@example.org,0ecae8884705ee6da90ef31aa65cef17f874d97f3e30baa080e6cf1c3f80df36,darkweb_forum_x
brianhunter@example.net,893e8fd58d7f238878f250416dc9b1dc733c8ddb39d0e15fae9a58d2943f2b20,darkweb_forum_x
eric52@example.org,a2e6b0b6c9fcfdb4a19a708e62875987252431f841db8328063d69bc34459343,darkweb_forum_x
martinezmichael@example.org,554cd71b2bc9690448ebc48d035c508d758ed2c87dfa3a0475b8c35fe53cd101,darkweb_forum_x
ureyes@example.net,175f0452bfe0c9f10ed2e0734ddea92fd287467c9eb3a5fc104888fa7595f76f,darkweb_forum_x
ctodd@example.org,775708288500d73737c5973394b4c9b3422a1ffa9943a209fc67d09552cbfac7,darkweb_forum_x
hsimpson@example.org,f2ca10ba89db67896da63660906d0dbaf52b13213d006e5faaeb0c58d2921187,darkweb_forum_x
lisa19@example.net,10f0c8a60fed7a2944faddbe709b7f59215d482440c63070d82f3d04dab58330,darkweb_forum_x
joshua68@example.net,4d2ccf998774b20f022836c4b45933de908bcab37db25c8bad60b5839de9533a,darkweb_forum_x
julie.alexander@acme.com,803168bd8ec070d61baaf4e8c2c1c5ffe678c7980b0755a77cb8312a1128af4b,darkweb_forum_x
bwang@example.net,43c1ce27d0c808ffbab5b056cbb107b8c2206450b5104bddf19c12a384356ee3,darkweb_forum_x
moraemma@example.net,d7e522143a3c8e72c3e55ce81a6f2ecf979b2fb5a1dc94e224461aa0d31dd3ab,darkweb_forum_x
robert97@example.org,ce564ac7dc65af3f53bc78b6a9548f643ada7bd46d73a97e3943e0196767deb1,darkweb_forum_x
tara02@example.com,915c714432c77afc5a9c7d523b9a2d7a6619bef0558d74000986228c6294198b,darkweb_forum_x
maria61@example.net,563f61a620c8b0d8eb2c5727b1604fc7110ba2c7474aa42194ace18eb08ffda2,darkweb_forum_x
smithsteven@example.net,b7c4279869c889ec786faf4bbcc6dfb914733673884699196d82e06b3e7211dd,darkweb_forum_x
brian39@example.net,e4ef1f70aaf31a8710f4ffb16481a7789ec788b1a19cbe237122276c87d0a62a,darkweb_forum_x
michelle65@example.net,b59b6679537d4c3962389ccca6281aad11eebe3af255370ab8cbc6d51c352fe2,darkweb_forum_x
mark54@example.net,8959d89296edecbd2f805a0dbc725786d40aa25a167312a94227183e990b7c71,darkweb_forum_x
amiller@example.org,afe816e6722f1f7c2d3033e16bd1cca860df8104d6b6a5362a2f3fdb3115f621,darkweb_forum_x
jason45@example.net,4af452434d0800ac28043854b4f416668e33ee66f7a56d829000772241957d57,darkweb_forum_x
chamilton@example.com,2fbfd341368ad6218e8e50f86d6117aae8c8c7dedd3c6eceb93511c71acc4d5a,darkweb_forum_x
jhernandez@example.net,2e8a2bf72ef2f2eb2bb56765c5f2b9753726ae70f2186c92e39f6252bdf34f70,darkweb_forum_x
myerstroy@example.com,d401551392de82b2661f61b8cbcdd8ae574bd86a277efa738b13767b8f7ae5c8,darkweb_forum_x
jacksonhenry@example.com,39254bf6958e4c3f35421c714e74a90594fa7cefefe0e29ac78b44c70211232f,darkweb_forum_x
brian01@example.com,1b0f7e2c9654201204b383a1cc656fdc094829da878d79589e4ccaca24e4f380,darkweb_forum_x
vpreston@example.org,3ce2465b7b8952beaaeb7ed7f317617ecd70b999bb832803d9b09a29c1fcf225,darkweb_forum_x
munozglenn@example.org,7791f45c74ca415674dcf0835247c3fa73a5a17cdbe7755d208c1afa24385825,darkweb_forum_x
yorksarah@example.net,5ba870274c01c7a1b24bf5df5eaaca63693fc4e496fb9375eb7c299297c1d959,darkweb_forum_x
sanderson@example.net,862d776a1d8b3f55572295a5155139c2a63b4b8713a630b3a5e2b3f8d1212ba4,darkweb_forum_x
diana36@example.net,06d433323158d9763abca8babc8d188009bf22148051e076ac52da140ba29215,darkweb_forum_x
pdouglas@example.net,b46d9aebd82fad301b0b12e6a093b873c8a327cf8a58674abc1d53309af0d1f7,darkweb_forum_x
shortgregory@example.com,b55dac415be3d31e8d063e1f308c93cefd6b4ec46613d19993d28a0a9385c7cc,darkweb_forum_x
sandra03@example.com,fdefcce06fc9212b12b243bc5849a1e69ca2fa60356e1767ddb4e5bc701a8048,darkweb_forum_x
zsmith@example.com,902687a6e6ae081a9fb24ccc6841731417f5e2be9d8928ff9d70212fd575c065,darkweb_forum_x
lindseydixon@example.net,fb366a11082c6876948deae5942277ecd4c49640821d4e680479f5d0c339e938,darkweb_forum_x
paul.wilson@acme.com,cdb7704dd9debbc42c2eaebee295e369103040f01f1dd8307782483eb2f9228b,darkweb_forum_x
kimberly65@example.org,948d4df1187d0709745b7b99fb67640f62330ac5a9373b20041aefdc78c60edb,darkweb_forum_x
ashley.dyer@acme.com,ce237db1d45f61e7075d098faa005b316e0df7f449ab75b60546e1ca6a287fba,darkweb_forum_x
tonypearson@example.org,b202294bf80f4b249fed91ccc3f0746cb0ccff4ae994bdc962953ba21cb818a6,darkweb_forum_x
robinsonisaiah@example.net,3fc13c6dc2e686da66167ad20194986a75dd2a879ae78340f379c4909bdf50d2,darkweb_forum_x
frank76@example.org,a34bca9ac0d428b56a338a3f5f6fa2b18d4bfacc997ee5d910ca5fa60f8ea88a,darkweb_forum_x
richardhawkins@example.net,fa41f0fb430e7ddc6c03d715e343ceae74d45f605ca615ce99095b71457716a4,darkweb_forum_x
douglascarson@example.org,a32f6c1a4752b1db142a74f358d54eb4dd2d9ddacde143241818000b738a9364,darkweb_forum_x
christina79@example.org,62a0f5e002bf64517cdd835d0a2cdf9130d943c4a2518d534705de2506236868,darkweb_forum_x
aarongalloway@example.org,9d812d4923dfdb3b0e6f50aa52c1b0fa6e10b5cd7b7ee4ef1966470939cb3264,darkweb_forum_x
amandasmith@example.com,9207c33f1c14c5b6736530ac3e919be536ba7211d68eb197fd11830c616d2a0d,darkweb_forum_x
wsmith@example.com,bb22f114d0ebefac2035c5b844f8fbeca2129015cadb9b330ead1dc0cb4676fe,darkweb_forum_x
tguerra@example.org,a2ffc43adc8ef609b02a64787ab5ee623ba4fddb8592e6d81306c660248a07c0,darkweb_forum_x
mikemorgan@example.org,d16ce7b345922e7095449f99c5a82cb11b7baa6088169bde5db6afce63a05a85,darkweb_forum_x
sara44@example.net,6bb88f99d6534a9340db28d1b5e93dfddf2d0b27dc9e7dec1a143f68ffd17a47,darkweb_forum_x
kathleen47@example.net,b130943b0f91d8e55a719fb370f18cf2ac9c72513b6de77616aab4a0daed0518,darkweb_forum_x
karenshaw@example.org,a64a70fa28ce517f8db5645d86df72429f726bdae3e80936ea13140cdb9a979b,darkweb_forum_x
reneestevenson@example.net,18a1f9eb7f7dca56db2c22323cfb36ee0ba22ebe401ad9c339589fd6cd477870,darkweb_forum_x
vanessa.cochran@acme.com,71abbd94d4b76073ff29a8a8c554a55677b5248008143df46edd6e7b04465992,darkweb_forum_x
amy.jones@acme.com,83577d5867614dc77757bf4f8633199e8ad60e9efdcbdee99db5adc48ceee313,darkweb_forum_x
griffinraymond@example.org,9f163631115e134945a8169e619c1eeb8681142eef1698adefaf55b80d36e12a,darkweb_forum_x
jamessmith@example.org,0cc3e3e45b78d20cdfb5a4a2f3585a3e826d1ee50d539ae61f63402c45656151,darkweb_forum_x
lpearson@example.org,f0b772c755c929d426083721bd4c4921a08784e2713ad9230a0034b3d49b1486,darkweb_forum_x
anna44@example.net,bb8c9a202069ca15daaf44a71416e03c12a7c6524b5d5372e4742ec9e9aad436,darkweb_forum_x
johnbutler@example.org,5d3878b7e219122651f86d322b7afb039bf5be9881453d9e20c70f3b6cfd11ef,darkweb_forum_x
nicholaspierce@example.net,9ee86ebe0c28fb147cd02d62475a27c2a18f4863313644bc927ae986bb9173b6,darkweb_forum_x
greenjennifer@example.net,cc9f2b88d7c3d7db2b94bc5fd6f919e8f02c612f54bfc5acc44b2cfc26f180ad,darkweb_forum_x
phillip.bennett@acme.com,2617dc70108b027ae9fa576575ed44b5a1888e34d867d243ce3497dd4869db87,darkweb_forum_x
alex82@example.com,009e5521debb3842bb33106d95ab5bf38da3502945a19d89b7cc62a0869912ee,darkweb_forum_x
jenniferlee@example.com,5d3614ba9dd01953830ad3b22c9dbada78168e0cff873cb1fc043a8cb809e2d0,darkweb_forum_x
cjackson@example.org,261ac8c004d90fb36c2a7c9a3845521bcd073bd55bcd0d58a6bcd48cfe8744ce,darkweb_forum_x
david17@example.com,4073fc7c215e7e0861c2e0c73e7082c5ce91b94881777be3ac0de4ba35bdce61,darkweb_forum_x
zacharybooker@example.net,6e9e8f904ca20434d0366aa17ab6214bb18d3e9be41f1ab8147b670a7d873d9f,darkweb_forum_x
njohnson@example.net,ed7d01cf955590a0409df23c4415729b81de63b378f2543399e1fa79afff31be,darkweb_forum_x
edwin31@example.org,e6641afda1c84b6ff395c72778ffddb87fdeee921446bfb16ba4d67e96c736c5,darkweb_forum_x
michelesimpson@example.com,89e4ab93c3ae0cee4baaf7da4af5f4a608df4d58f848a2fe10e773e79093fead,darkweb_forum_x
tammy97@example.org,d095ab904a4b80366fdb4885c1d8704261dc05139584fa7117042b48e5b310b8,darkweb_forum_x
michael47@example.net,3724e77ef7e8757b10473ef3e97c8dd3e7739ba23a55e20a1dec14b1cd85031b,darkweb_forum_x
thomasscott@example.net,4454520ea753a38348412d83b514c2fda8debaf291b7c9f43855394324e6c776,darkweb_forum_x
misty38@example.com,16318cead312e34073df43608b165d340dcd7a668f4e544442355882000b84ec,darkweb_forum_x
zacharyhartman@example.com,58ba7626517edf0f90370f86bb87daa13c377266d6a461985965642d08202660,darkweb_forum_x
omorris@example.net,929abb63ac032e819406969fbc7cf45e78ed8a45ca8d486c0ff28988ad3c03f6,darkweb_forum_x
rlee@example.com,a438c82f0354a30a0ec77f2be24ed39af71794b5754d4f001535483728d89c87,darkweb_forum_x
ygarcia@example.org,441f4dae98bf84365853bb5f146a83382e2d7bc8474c5d05dbca74649819c415,darkweb_forum_x
jimmycollins@example.org,52a2a653100d30e9336c165e88908b0b687874c4f70d867bb375d42038f1882a,darkweb_forum_x
lori69@example.net,6f80c41a88908b3a143314f91ea9aeca6bc29c8b49f75a20099a5cf1d89af758,darkweb_forum_x
wkemp@example.net,bfa97eccc91896f64e75c647cb7a258ba25de1e738c1a73f01f6aa8d4310cad9,darkweb_forum_x
johnny21@example.org,a6d88b888500576b68265cf78f0a83864d6efc9453ed00c0b5a810654919e339,darkweb_forum_x
joe.miller@acme.com,ec8039d52098410980c4bb2abef1d6b6b99f60afbe6a84bba1f79963c74527e7,darkweb_forum_x
asmith@example.org,5fba02f9523ba65372d5f9b2e3ba91d76537fe1be8518907dbdac1c0cc8274de,darkweb_forum_x
brianlloyd@example.com,a2a584b721f90ef89cb7e8eb9ff9a34fd9ba4d1ec5ceec7c4caf6e86bd4250f3,darkweb_forum_x
ellismelissa@example.net,1b316444347e944ffb0b1f47bb0f714c06c1f8ef1ea6c5272cc47d22ecaf8a12,darkweb_forum_x
jennifer07@example.net,5e0e84683b4230024f3e2ed5582b59f94cb8cbada1718bdcd3038ed853f6c679,darkweb_forum_x
rebeccajames@example.org,b3c7e4d428c806248b0bfcabfa38d608b4919331c599498063056d8222497d01,darkweb_forum_x
cranewilliam@example.com,f42ef33627f6d9156230299529d27ef7bd2342d977b58957f22de3c4fc2df7ee,darkweb_forum_x
ooneill@example.net,131fd9711cb58140487d26cbf9679dc921438d1d7250e3c6ec53ec12efc31a40,darkweb_forum_x
julie.haynes@acme.com,8ca740b3e4805c72652211857fc785c550a18ac52ae60a058a8b6eece1e5d1a1,darkweb_forum_x
ellen77@example.com,32515b49453ad73caf5cb73980c1bd6a18e951d6906ad4473f21cd964670b2b6,darkweb_forum_x
sarah.moore@acme.com,2c9664f16163dc88ecec2dd4697ae61aa3dd2fdb5df999147e27cdc5e95288b8,darkweb_forum_x
wgregory@example.com,7ac4ea1da4b89bca7c2f942f09a332d5ea5b834887d13173cef14d3dc5501979,darkweb_forum_x
rachelhernandez@example.com,2b4467bc9351047870d6214cf8c34840cecdb96e0236cdae53516eaeb20bfd7c,darkweb_forum_x
ppotter@example.net,b7b5cf12e4b55e3c5c343887f8924a13bd447749d8cbb76a235d0df29fc6f054,darkweb_forum_x
nross@example.org,945748ec37b9b455cf3936823dae65b7d71d30ceb5b1689db5e23d579eba73f1,darkweb_forum_x
brian42@example.com,e45c1fd1d68247977369a306288e276d4a9c91cb1dc3b8f6930d5574724075d7,darkweb_forum_x
moorejeffery@example.net,6deca6267118cd74952da80d889be4d6333ca1f5d07e2174bec79ab809f9a125,darkweb_forum_x
ricerobert@example.com,ab43cc7872927cd8d3070ed611a0798f135f518c7b314a6f776e52a36b881b3e,darkweb_forum_x
dprice@example.com,ad16fd03f708ddf676ba4081e03c1754d9c6ca32ad45cb5437dc97ac21ef8ab3,darkweb_forum_x
timothy99@example.net,843b94a60d4a151a087d801e076b10739519e2d687ab7f0091fadb63aa8de17c,darkweb_forum_x
amandasanchez@example.com,1af26205f2aa4419e86d98ab11b7f59abdc196b5c7bd4d9fa0a883f4c89d8cc5,darkweb_forum_x
darren.roberts@acme.com,44276278c686e7319c04686aa17f5fc1a06934fd61cc609beb1dcc9904b27c11,darkweb_forum_x
matthew.smith@acme.com,50ce5a35bab7076c4acc15340baa31aed806684caf9e367ed5d3df159a4ff348,darkweb_forum_x
rebecca03@example.net,d2a36cc2ad4aaf24ee9785a766b7aea6923856ec813778addb83b04fa981bbe3,darkweb_forum_x
sandraschultz@example.com,f8f73792ed461dda6600f70779446bcd647114d3da08af93f7f6f2244816af2f,darkweb_forum_x
staylor@example.net,5697bc82e76e1b27f3d26e225f9f8e29013b04f8087893250dd0b4d420c2caa3,darkweb_forum_x
angelathompson@example.com,9f8b47cf1449adf421aa060787d204ad221e6683f4d2820476ccd4a063808906,darkweb_forum_x
iolson@example.net,e0eb8fd06accfdbd5cdffd5698e632275c067824351e4234376347869276b52a,darkweb_forum_x
michaelfoley@example.net,2117e5f1fac21964992a443a9bb4b334327fdd3d272048fc43d2bf6aa02493a5,darkweb_forum_x
psherman@example.org,b953cf86cc607d7ec9269104acaecb0d36c876321f6ce9f794491993ce7fa10f,darkweb_forum_x
yorkstephen@example.org,28c7ea00927d262db23a1c077a0aa437f6364470a80534d326ce002f37033566,darkweb_forum_x
wwebb@example.org,68a243d104ea36d0ad4e79370fb6c8d085fa7f896f8c1bb11e6f4070b1aafb6c,darkweb_forum_x
lmaldonado@example.org,ff2e30b50039ff2af1560bc5bab509275d0ca69e8d0f2cf727fdd8e1945a46aa,darkweb_forum_x
tbaldwin@example.org,9474caa1681dddfdea5b10aee73afdc95438945c396853883f21e6952b22cc39,darkweb_forum_x
kimberly07@example.org,0978c6cce4c06cf68afd95c13e6070b43aec9ee73078b3879404bae1f742c6c6,darkweb_forum_x
blairjill@example.org,f158b25adc73814ac7d42439cf383db8d4b0d833c59ccd2adb390c5901e5f59e,darkweb_forum_x
jsmith@example.org,a164b70d64d1a2222f4f849ad1c83bae8f8e4796b09085cdd850f9135b50a9d6,darkweb_forum_x
emilymacias@example.net,435b83de50df3bc87cd3b74115a4ddd181d4a38dd51bc3fd4672387ba08ef409,darkweb_forum_x
dwhite@example.org,d7d08823f68198da90312c20fcd04c90bcd41a1c4ee752751481e84036d64644,darkweb_forum_x
austinalyssa@example.net,36ca5a9e0b3c6348609298d376bc5af63a0f8a58c87d6686c17817fc588f1e54,darkweb_forum_x
danielblack@example.org,b6bd96ed0bb4bd929aa5f5b9a55d48bc0a85875391e40dc4363e2cc2a718a422,darkweb_forum_x
fsimpson@example.net,333a57d8085891ae3d31c15311d88c721300a178b0aedf5846c5c5067e80d7dc,darkweb_forum_x
dana82@example.org,52b14018f59bdc0d0a7d2c443d8e8d9cfff16ba618a47e891e2c4837cf50dbfe,darkweb_forum_x
iwoods@example.com,f468aa8e416b6b4f801941726f6c97e03d93295dab4b0969d2104d785e41fe3e,darkweb_forum_x
beckydominguez@example.com,dd695a509941ba35b266613096ef48694749c4a73d4888030a926e823e3b72ee,darkweb_forum_x
valerielewis@example.com,04dc1a2566d3f1adf427ee02a2c51b19046f70f77245fa97903cdf5f378885e6,darkweb_forum_x
lpatterson@example.net,e1f35448c3b7004bd9be3fc8bc10a5cf89861502b20a816efc29183110d4c8fe,darkweb_forum_x
alex.hernandez@acme.com,e66727b688215e2a5897f0c9aa5a2b2c927091d5f4ddffcdcd1a384fe8396b09,darkweb_forum_x
kathleen25@example.com,d7eb95feba4af60ab6b16fbbec5f2dec6b2319d8c920fd088ab8df8c51a4ee61,darkweb_forum_x
david.martinez@acme.com,a528421852b783dfa18839f9acb9a70be0c281c3dab8c3a99cec7c7b8e04bbac,darkweb_forum_x
lawrencesmith@example.org,fe231e3775d38273dcd8b7e28095ec54183eab94f87f481a4ac41e23cd0162cc,darkweb_forum_x
jeremiah66@example.net,95be3edd7102944319afb0b42d282cb5b8c9ea17b799ce57282cde3a0cbbe913,darkweb_forum_x
tochoa@example.com,043b68cb20933a4e72d7ed8630bdc35249996ec9f25b92d070cfaf01d9718ad4,darkweb_forum_x
sarahsimmons@example.net,3c5dd4488ae44a930fbbac7ce56170a293e384a3f99185fed5f23315dbdc7566,darkweb_forum_x
bdennis@example.org,1905cb1a8e48718bdd1e120fdc11f2473002e6c6c522f0711f54e169126fa56c,darkweb_forum_x
opatel@example.com,c853a508cd154f0298c52f7e037ba0e96cba7fdc5b644f434a14d77029329812,darkweb_forum_x
keithfrye@example.org,f8b79daefe32eeea850e1710e17a3013d559ac7de0878ada2b29e6938c88f6b0,darkweb_forum_x
william14@example.com,0cccc285dddc2d27aa9c2e1d494dedcb74d4faf20676bd21c0cb8d4047e78f48,darkweb_forum_x
bakerdiana@example.com,60d8046fce2809d888e42b0b4e706912e08d1f9992c01abbe56f302e01cc37f1,darkweb_forum_x
johnsonanthony@example.net,39849a45e30a4927ce9f0b05103330996f88c2acb3fde0a3244ce50e50ff2301,darkweb_forum_x
riverabradley@example.net,d067b2fc3db945bc0add133e96501d4823fd1529476fa51cf38f9dd905d8f2d0,darkweb_forum_x
victoria50@example.net,1096e2d85324a4b11139f402d5da1103999cf94e24718d046353efdb370c34ce,darkweb_forum_x
hlawson@example.org,cf11bc84d95e5fc3e8cc0d64087c6cc706c70409f96db740dd8e87d70845b1b5,darkweb_forum_x
stephen.johnston@acme.com,c32a3d16b48cd1605a40f44e2380d7b2461ffe7fc2bc3e51982ff63849c7a577,darkweb_forum_x
xvaldez@example.net,d78a4901495beabb2c49d3204e1e83d2043f7e5fab78de3f4374adbca75e82f7,darkweb_forum_x
wisealexandria@example.org,9b8878d259c60edc88ddf6ba279ad51d48e6481fcfa41a416a2f47138782e16e,darkweb_forum_x
ganderson@example.org,2bc7f0a80a910cd5c19ad579df95decf3b0fc595b4ce064ed0a2a44fa1ae991c,darkweb_forum_x
charles.gonzalez@acme.com,3140ae82cb45053819e2079391fb47bba5ed87da1071cc6d918327d2a0cee629,darkweb_forum_x
uforbes@example.net,603be7ee495f72a2f8f54a0d748c2fd819f44ebcaec88bbd8a671ff76d21cf37,darkweb_forum_x
matthew75@example.org,9ea96432af8c89e2694bd459e48dfd72029a1922bd02fbbd73397dec790991d6,darkweb_forum_x
lisasmith@example.org,1ae8c1a70f88a87c0652d6a07e050b87a3ec46addd21924c8104844c94c14083,darkweb_forum_x
marisa63@example.com,e075e7528288d08521513d1ab392df26568bef5c764a0ffb027f282dab93b130,darkweb_forum_x
zhughes@example.com,6e1b4e331fdfa268ae74b37c2e459d658dd68a5387392fb091c21b1acc4694a6,darkweb_forum_x
lopezchristopher@example.net,8ddae2b4e77c9f9612531edb0ed940f1667bbaf53fbda72c53ad30d7ff801224,darkweb_forum_x
greenejessica@example.org,a81416344649f2145c8a546b4a5061260efc0cbc04ae03626779a0d56151e744,darkweb_forum_x
spencergregory@example.com,00236062684eb6eef0751b359b659a6ae983d64e79da3ba9cc12d78587511879,darkweb_forum_x
michelleparker@example.net,13b7e26a605596130cde997d2cff4f8702f05d19ce0b221a69c7d1b6a3513b69,darkweb_forum_x
daniel16@example.org,40bfc76abd04d5b7258eaab65c5e24c087b46555b0318985df567d88c3f550af,darkweb_forum_x
vincentellis@example.net,476726c68f7b755ea79d2aaf597014f728733a272717ad8e77f95ce1cf96ef68,darkweb_forum_x
alexanderrodriguez@example.org,6dcb2015642d942e993e36e9a09959d52edb0b1b21a325cab72eec44bd8cfa72,darkweb_forum_x
freemanjohn@example.org,2cb140673f127a796978ecca55f1600cbabadc16ad682b80663d29f450e73759,darkweb_forum_x
john43@example.net,4557adc3a0441e0cd3956e3118bae161b4614bff3a297938ddd3a65adf8f3f31,darkweb_forum_x
crawfordkaren@example.net,6642580b255008a9a5e2061b44dab6ad12dd6298524f41e87ff3743eac536c9d,darkweb_forum_x
garzalaura@example.org,e3eac83872394b642556e655514fbacf3dc596b1ba49356fac19f3d9843d9bf5,darkweb_forum_x
jacobjacobs@example.net,c7e70e9d3951d463a98e5685186fe317d3d09faaa636448d37edfc557a825e0c,darkweb_forum_x
robertwhite@example.net,acc35082c45ac5879f561d2a183c2043296af887b375083279dc0941b315e8a4,darkweb_forum_x
christinenorman@example.com,b73e1a317f7f0ee464ba4fc7801f1d4de7d956a30f89c07d2c7f8ce8e6e85247,darkweb_forum_x
thomas31@example.com,2ca5eb48533f5abddb990784e3d7cb5baf422f8ff5cb6b92ef30dd588c684508,darkweb_forum_x
tracymcclure@example.com,bfe846adcd4181b5df4573abda37d14ab450ee9186e022f726f82cb019a16bf5,darkweb_forum_x
ebowen@example.org,1922854f2e3062b26def7956a96176930220efa23ed6a3e632eb51c674c02083,darkweb_forum_x
zbrown@example.com,ba00453b3265427998165d65a1510931132160af450fda533fd6e60be00c0dba,darkweb_forum_x
ortizbenjamin@example.org,bc04fac701741cd386a29078804dabc7eb41f43ca304b4ef95b433badd05f491,darkweb_forum_x
clementsandrew@example.com,ccc4984461ee2708ec2c63ed9e3522942770ff209c751d8512e7007df96a6811,darkweb_forum_x
alara@example.com,9e4b6b3dfb9811002154f4260572a6ee06fb37846f08d5acbfccf25712611227,darkweb_forum_x
bmarshall@example.net,cdf42f1baba4e33646056c48d9f9a1dd0cc14e720862c21abaf2346917722ba7,darkweb_forum_x
joanncruz@example.org,c83954e1debce4247630aa00ea0d5d1a722c89a988e9f159e2bebf37f2ce609f,darkweb_forum_x
shannon43@example.net,85f41d4d62369db6d266f30fadd8249a1808929f5faa36447bc6b6692381ef89,darkweb_forum_x
frederick.freeman.md@acme.com,a93d624aa4ee3aa938e64beb34de4e66321e49edf700d293683c14e187867dc4,darkweb_forum_x
fosterdavid@example.org,6614ef11f46b67d7803a3ad1453bccafb1de7fa50751b63faa2d0eec269186d4,darkweb_forum_x
ejohnson@example.org,30fae4b792fe8ebf6fd273e2bbfe69368006515e7186d4f4bde70b9e6c0ca253,darkweb_forum_x
donnapatel@example.net,250d74f2759253ac38616cab7880c021bd9d79e9f7a3003b51453d4dc905bf35,darkweb_forum_x
shelbyjohnson@example.org,fbfe5b6bda25bf7e54b1348c8a790ad9c98fbe30bed69956443b7093b1f1ea1d,darkweb_forum_x
taylor75@example.com,10c6f98b34b52b8257ad44ad1883d920056f553025198d41fb31f3bce6a75ef8,darkweb_forum_x
sharphailey@example.net,4cf9fa5b330d9ab25cf9792c8c8242131d84cbc9616c73255a8f67072f98eaf1,darkweb_forum_x
jeffery45@example.net,27a456b7113427badebe1a21f68bc133e88227a264c0de20ff76ff818c4ea40a,darkweb_forum_x
moransamantha@example.org,559bd19671b6611e1afef376d3b79d986f9f69e9c9d2dff2dc8074c01a5a1069,darkweb_forum_x
waynecohen@example.com,da1672d59f24e414ab79a389f044de827a84321c9a085d5d81b546f50cbd42f9,darkweb_forum_x
phyllis16@example.org,f8bd5d13ad4625f5e3014500940b16422110599ce22bc979e3e586b7ec05844a,darkweb_forum_x
jennifer97@example.org,5f931cda3c2996962ca080a54dbc27bcb4130c5e66b2a95c4293d4ecf2c53ad0,darkweb_forum_x
sarah.villarreal@acme.com,3d8d1959c676bb0f82010cff6d402bab70b0678409cc49b69f8e37cd2ebaeca6,darkweb_forum_x
paul01@example.com,4b9b5822e7873f3f38e6d11c2cfb343af595a38eb23889d381c8c22c552350d2,darkweb_forum_x
williamolsen@example.com,bbb0b03642eb7ddfdd9c3e2b4628f6071ff05a32e48be808e4d68488c93a37e2,darkweb_forum_x
sfox@example.net,fb3e94a777d878be7634c86275b601de3a631d297ce6d9a15ab81953be6b11d3,darkweb_forum_x
cwhite@example.com,1b33e73f732b1a18e484b02c506213dea0376d3b41be99f16d722f03d3dfb2cf,darkweb_forum_x
oblack@example.org,21a0683b0bb2680826462b5547775515d54453b014abb2628d7d4d06a3cb418e,darkweb_forum_x
ijenkins@example.org,206e980ec847053dc5488a217d0015b2886b5cbbf1e55e48358c7571bc5e5247,darkweb_forum_x
adam.russell@acme.com,8a359a6c975055f3ed52c174ccf085231c9e0612d82687878b8f77bb49b18076,darkweb_forum_x
mcclurechristopher@example.net,e7f945f256945243f8d3a5de94bada71e4e51d18110f488e4995965cc41d26df,darkweb_forum_x
kathy99@example.com,576f1f36ad4cd678861649fd9c43f26d81d73c12853c8a0e23a2b8efa6e048d3,darkweb_forum_x
kathryn41@example.com,8fc2b88f7d089b9c0fa1c28a87631cc55c0f03ca9fc3c38de7af9bae6dab5781,darkweb_forum_x
aking@example.net,ee44bf1484a116ab66d0565239b6b65fe1c06bdfc6e5ce5c8f829cda8365fc25,darkweb_forum_x
ogreen@example.org,352b1adedc9e8b2f5747d5b7d83e343673a7a47f40cfb6eaabc7a877b3e435a9,darkweb_forum_x
tconway@example.net,cd4cca1d77845c36a56023b32d6586efc668b284e47fa538f5020118c3d29892,darkweb_forum_x
aspears@example.com,5a8122b542d26a01d1e8bdf68aa282ea004872cfedc615f84fb96fb213a5d11d,darkweb_forum_x
nicholasjames@example.org,c8a55ee9356247e97dee74e1660ebf0d31fda91f07f8d396aed9b830f904e559,darkweb_forum_x
lawsondonna@example.net,c37f1736c4a2cfe5ff23a7cd8ccde3c59b292d4c160e7688068598b7718b68ef,darkweb_forum_x
clintonstevens@example.org,86550ce82623ae7231135d2e4818f542dbb19a679c4e51e901a7bfa2aba39126,darkweb_forum_x
rgarrison@example.org,18e1ab7a199da4a9255bb0b8caa31d65dd07116be9413b1ad6379e587870faa2,darkweb_forum_x
ujacobs@example.org,751c86e953632ce593e780f2cdb0d9dfa1de3dd0c2dc175f88102083f3692e54,darkweb_forum_x
hbrown@example.org,5683a6ab02de241b59659a7f149cb25a1a51c04baa05222eaf90a6c86dd60468,darkweb_forum_x
kmoore@example.org,f6ca76447f7fc52b7f9d475e2d2cea4eec1d67013b1a12b15e4c672cc16abf85,darkweb_forum_x
robertsgina@example.net,8b6038ffd0356307c5dbda08784424dcd6121e0e2c9057d61398ba59241a7195,darkweb_forum_x
phillipmorris@example.org,fb3cd80e188d2eb5d16169f6224f412c3bf7db7ddf1d7054e2ba60b4ca096e9d,darkweb_forum_x
abigailfernandez@example.org,0bf1c1171edd10e47aee0bf9b2dd5790b71b904c93e2faf7bbb07560e41c14a9,darkweb_forum_x
nmartinez@example.org,1c821e14129ccdae64476f030e74a603637370eaf1371fda0f744bf68587bd9c,darkweb_forum_x
fhahn@example.com,e548de6a32c6c5df9d5713161b1028f0221f5920a3551acddbd626d3fb35ca99,darkweb_forum_x
craigromero@example.com,1761205572b0d3273b8792ccf4c480e755f8117e541e09504c6e00e8bc846050,darkweb_forum_x
charper@example.net,2cc5133aec029c93cd3ed30838f117739da71b7de905ccc7115a73eb72fc9657,darkweb_forum_x
ndiaz@example.org,b361c0875b60f2979003dede3b16a3dd754c6fcc5a5577c9f71bb49a7a04568c,darkweb_forum_x
apadilla@example.net,92ebea7188f2ea2db84157bcb263ec294f906318fa6659d2e0441d5972310447,darkweb_forum_x
bennettpamela@example.net,dcf4c5e974e46e65f1b372a5d6a99ff5e0ad5d56ac224014b052495bef7415a2,darkweb_forum_x
thomasmarquez@example.org,6fc685942f59948b8c927af2ec9fb7d0fa367095271b2f05dc72d2911fd1368e,darkweb_forum_x
buchananchristopher@example.org,84efb1fc25fb2cfbcfd7bf01f060353e3beaba0d494218ee53b6aa717fc3d468,darkweb_forum_x
browndominic@example.net,134d91b06b6b140ac63f66ea5df7e26b2acea7052774285c1777be6b481762c4,darkweb_forum_x
marywalker@example.org,de376b7ab6c62522e097efd3d0886c50c14d8f069adfab8b2ebe6e35009cce47,darkweb_forum_x
ulynch@example.com,1803f55e6c25af36120b868a7d0f130ab87f9de23b2e10098f15a43ea9be302d,darkweb_forum_x
lharding@example.net,9b4bab0ae928062aa0ee12b4d00b09fd9bf2b0c3968b030dc142e91faae2dbe1,darkweb_forum_x
jonathanwalker@example.net,5cd9cf6d129235f82cbabfead517d9d717b42f2501a38f3f38c5fc0baad250c2,darkweb_forum_x
peter97@example.org,e76189c0b9ad7dc366a30b0f3c3de9f3f5bfe1d9a9a212fad56aa63c8a89b475,darkweb_forum_x
medinasteven@example.org,cea4efa280a87aa0d0246f02404a36ee2988c0b069ecdbb743fb0878031a376a,darkweb_forum_x
ycole@example.com,0a380727947a980b057f50d82fff0acaf0ba2ccace7ea868369d752e5e5811c6,darkweb_forum_x
todd24@example.org,e74b6603cc00ac2f9bccab87e0c3bbb52975a7a8918f64941eee92b5b60f0a05,darkweb_forum_x
marcus.richards@acme.com,753a5823cc93ce48645b6a3c37f4822e5e6c8f7348b127c86d0d4d885dabf50c,darkweb_forum_x
scottolson@example.org,d402dd0bd4bacf67fb72996cbfd20ffc5adea2abd475d38eb105a5e177a9f7b6,darkweb_forum_x
dawn.summers@acme.com,65981ccda301dddf7e7da77a15ad3180c500e009546b37e0ff6d351675a7e7fe,darkweb_forum_x
petersonashley@example.net,7b65939d95e8a424be1c3173318148b4f9822068123fb82684ca4fcd63734f53,darkweb_forum_x
amanda62@example.com,c526b663e15904fe1e664e216860a5a6a739413da5d73f20ef956b5d8136f795,darkweb_forum_x
ogray@example.net,fe7918097f7b7fcb7b2cb5eb7dd0fccbfc63459e182b7d1bd04836f1aafe066d,darkweb_forum_x
qhuber@example.org,e11493dd7960357572e809ecc562b88e238f8b5df27756a4d55e725d324f0cda,darkweb_forum_x
sarah.davis@acme.com,9e5c3a87581d1ef7ae735489668e33c8e60af174fa138a5ecedbbf2fc3a21331,darkweb_forum_x
claudiarubio@example.net,0c197c5d2a5137cf84ca0c85baefb5840eaf334ebd44d56c7faf45d478ed8f2b,darkweb_forum_x
rlandry@example.com,499d119534f60990af9b66ab75492ef10469de9e22d18aeaa81ca2a89149121d,darkweb_forum_x
danielle35@example.org,20b687efad7d6a3448a7b734580292d892072710e1978f7cb7264f207cac859f,darkweb_forum_x
spenceholly@example.net,d0e4caff8aa8b26ba9f8a53eb8ba7d9de3ccbd43413a71dc5cf4df590f2b3b2f,darkweb_forum_x
melissa69@example.com,feb1a77acdd1a38781869f3f65ed4e0aed81663a7a64d826ddb8e3323af45a0b,darkweb_forum_x
morganjason@example.com,9bca42e0670fb0da6c95ff9f5f68f432da4e4afabff581f506b508235c2480a0,darkweb_forum_x
juliewilson@example.com,58455ec5c3b448137ddcb94032f7ba542af80c12d67d8477ee1bc3bef27d899f,darkweb_forum_x
bryan10@example.com,5b8284e7b641a7e6bee7bbf99737e80f5122c3c4e7867de7c5f33446c0779d73,darkweb_forum_x
vlewis@example.com,a1282833f9e96d98fba7f66e36bf1e21d1ecce1d93f916c227fca833a82a8359,darkweb_forum_x
ksawyer@example.org,bf2ac6aadba957294d480a984e4cefbaab19884b6382ba1ba0c48b539151a37e,darkweb_forum_x
palmerkatie@example.org,b48acb9dce255262dad1d147191611dd44e0e7f069ae4ce122a909a2e92d4aa7,darkweb_forum_x
csullivan@example.net,8ccdf4327f1f8db03405d5b4c7c1885d22e7d36c9538494e398e36f4f1bb1c72,darkweb_forum_x
scotthunt@example.net,4ed3ceecbc17b481b6b7a71f8fecb4706a30db2cda312dbf7307534c62f035b9,darkweb_forum_x
melendezdenise@example.net,ffb693d554e514f66dbff94a0b6a2f2af990a7d47af7795397b2e2a0fe9b1ce5,darkweb_forum_x
wendygonzalez@example.net,756d9a8fedeba4f010b3243024b340bc05b4fbcf9181ab8b619c00eff9128821,darkweb_forum_x
hillnicole@example.net,cd178450b9d2dcb54b3147b8840dccd8614ad276fcdd5141c46e42758beb69e9,darkweb_forum_x
rfarley@example.com,179b1e9b6c6c899d71828c9c460447f2ca6f34aa00993bad272d9103997da948,darkweb_forum_x
jessica49@example.net,a0e3cf0c35d7f605728879a401e8bebff4bc91424cb4b07c4f26ca29f176d75b,darkweb_forum_x
rojasashley@example.org,17d4000e2d31d1fb77e6c87c20281c1ee2216b534885b73b1ec3cc72a8445b2d,darkweb_forum_x
carneycharles@example.org,7af87fcdf0b314d882efd742d2210f9c13a9c086c4c3c7980ee6f09cd4d6e217,darkweb_forum_x
qandrews@example.org,46b4792f796fc79916529b33e0d182007b8a0949e24a9b4fa247db4f4dfbb1dd,darkweb_forum_x
john02@example.org,7439c1c838a208eeffcc8da3d2dd902c3f4a195c17c8031b76be033f4752c5c6,darkweb_forum_x
adamwest@example.com,664d32e4577350e8cda9048d8821815b37762d62459d7b008becc91673359125,darkweb_forum_x
uclayton@example.org,b65386359367a4a44f5b2312acd72591ead2ac02707132ccae875d0525367454,darkweb_forum_x
johnathandavis@example.com,8061110115875eb538eaf8ea8ce558b877976a13891e0b05d13881247ff2f3f3,darkweb_forum_x
david94@example.org,590ab9eec6e0c7fb699c4feae67c95e8ad6a447a0e9e665c63544c9441f61959,darkweb_forum_x
juliemoreno@example.com,fa2c8db2372d54e33977eceea8c59fd28641530237b938702a8afe52e7692933,darkweb_forum_x
hernandezalan@example.net,8121d252dc52924909d84b1f9b9797bb7ef4f24760e41fe5d47686e4a465f9ed,darkweb_forum_x
dennisjones@example.org,145efd3b291e65b4c40e2506d3665ef8c5ba7a80b6aa85c7c3e3dc32fcbcd88c,darkweb_forum_x
mary.hill@acme.com,27e20abd676c8fc22cf119dbf71d810ebd87033009beac0dbe3da9c2108bc82a,darkweb_forum_x
smithann@example.com,35a5646363e2996e8b08e9eede47b99dd02e9a227b95c76b48bdbab305fab342,darkweb_forum_x
ywalker@example.org,fb50add91f18ff0bf5102cbb1e503387c489d0be2f94648395c130de2a8f904a,darkweb_forum_x
wardricky@example.net,4359146d67ec094327dfaeaa17db83136d4d3b41342e09dd828244bef5c13f2a,darkweb_forum_x
zdavis@example.com,0086c08652399dbeef8311500533adfbc031bd7c995ab96fe467bb256e4a8a16,darkweb_forum_x
daniel.baker@acme.com,d4d7071f7d021c100e2ac5bad87888e5804db6c93604343860e9a09d948accca,darkweb_forum_x
dawn08@example.com,16cf98d40c12c875379fb259afde4b76b8fdc1511851aa7a20f2a167c537e32f,darkweb_forum_x
angela01@example.com,ecd808e5fac67cac5871b0a90d775934af2c713bb6b5141af3fff876b4bbe618,darkweb_forum_x
susan83@example.com,d42ad9969cd37941eacf1a2cb300394ae14a11f59cd18bafc337ec36d7b7c2a5,darkweb_forum_x
allison.hill@acme.com,fdcf9060d067b55644ae0631b1b81639176f4bd5a91e755eaee90257fbb38606,darkweb_forum_x
nguyenjennifer@example.net,dea851077a7c9c73edab0ce295f7550355985973abe3fb788242eb337622d9fa,darkweb_forum_x
opetty@example.com,1c64e05ca903f26a12a40a56fd359022cbb084ee9787086cd9a6985e3e12e113,darkweb_forum_x
brenda63@example.org,936ebc83bf67b3a6343931c2c8aab34fad1ee6b974d6dbc2b0416fd2d23c79ca,darkweb_forum_x
tammyglenn@example.org,6f263c04b503453bc93fcad33d743ec12584461e1d2b455b5b7aa2d045a99eeb,darkweb_forum_x
nelsonvalerie@example.org,f4ad0b7374869efdd528fc4dac24bd552ede9024977bc2837fe1415f5414da6e,darkweb_forum_x
coreydodson@example.org,0e5107fccff758e1635b9a2f40fe7bb579fd16c9353c098fad389f4a8ed89041,darkweb_forum_x
zachary66@example.net,7041e86758193b381b00b027b65fdf87bf1c05e50331fef85647c613f24c94e5,darkweb_forum_x
williamadams@example.net,730ebe9c4710705c14fdfa99886fa7a2665d5c78442e3cdd316c7fc419f71344,darkweb_forum_x
mike38@example.net,d4ac977a5f04e61a61fd60350d819a491835c77c252527d464d16738dc48ee91,darkweb_forum_x
robinsontony@example.org,3342f453868ef02e112496251dd219eb31577f5c17d6e1eecafbab0516702a6c,darkweb_forum_x
bennettabigail@example.com,5a9db4c5736358556d7863ec0aa929862240142b118c70cc0fa6b66825055538,darkweb_forum_x
dmiller@example.com,17807f1867cc66bf9811836cb2d6fde289cc4c80240830af573b6c6f2bc4be7f,darkweb_forum_x
mariaking@example.com,3fa4d9ab85123703668528f98758acb8db3c06ca917e680bdd5d6b6908d8d299,darkweb_forum_x
carmenevans@example.org,303b14d2c734d1dbcd18154beaf4042a7cd2870cfbe285406c8f1c9417e0617a,darkweb_forum_x
gina.moore@acme.com,e3c3f4e0bfcb5fefd3a7301f1f155c25c54d22723cc72814dfcdf1499a3e4c00,darkweb_forum_x
joy52@example.com,bb5f19c775ababc87fa7d07b8582d4a60d0a99f008f84483f8d7c778aae55820,darkweb_forum_x
steven05@example.org,0835bdc1cdc127b888452009bd0f18c5dc70de2450a2b03ccac809a17afdf89b,darkweb_forum_x
nicoledaniel@example.com,26a68fb4b60f43ef4e883ad609e32447e9286178523106a327a526f590cdd5c2,darkweb_forum_x
stephanie44@example.net,5a7a843ae3bce9f25d375efcd4b74c150d2929bb10d6e5fde3e1e61d5c4de30c,darkweb_forum_x
pwood@example.org,e0ac66dfaf0aa7d290ca5bf2d207e39053c162165a2301727366ba58306bfb71,darkweb_forum_x
ksimmons@example.net,f45c17916f405653e0341e4b85bd03ec6f353afc0bb7958c536931fefcc425df,darkweb_forum_x
carolyn83@example.org,88b91b44bc99c7093ee87895381627e016daa73570de0d05d15d3f4fa4824240,darkweb_forum_x
karengonzales@example.net,353af4b968603b1b935aa26d12dac497a7f65b71de1c5a95b9e38403c4fca4cc,darkweb_forum_x
morganlawrence@example.net,0bfa0fbe9c6d75b5c147421be9b376321bd081d020a7c18fefcdffca3a476e27,darkweb_forum_x
gary57@example.net,4f3d89f580ee8c1d048bb5d7f21d6503d82d932fb8238488f46a421b30eb29a6,darkweb_forum_x
vanessa.patel@acme.com,a8ddf47c13f3e2e81decc505efcad4e418e22eb6d4a15d71fceb1509cb603995,darkweb_forum_x
howardmonica@example.org,61be2335277a6639ce6d224ca8dfe8e3939b9b9a474765f22614d76a9bb77b02,darkweb_forum_x
beckywilkinson@example.org,550e34f8756dbb0d586a0f79e022bb40b5d61f28ed84d9dcc9c3ca09f4c773eb,darkweb_forum_x
hrichardson@example.org,cae3c363c0b87b4e3ce51fcb5f3545789a7e885091b4df98f5610537945c1243,darkweb_forum_x
glopez@example.com,500bfd9b18a2724fb094b59f82c8050aff5f2a8f7dc52f331ffd910cb9ff854b,darkweb_forum_x
kwatkins@example.net,8001465ab6fb34837402c36448cf29540125440951bd9bb24992dabc5ed16946,darkweb_forum_x
monica16@example.net,917859b6843810cd6def578693e4dd52c00081ac0b87578044082273cc408df2,darkweb_forum_x
mrichards@example.com,79c7db837de6c398c32cfd498995a0ea4e23e11c4c2dccc681ee4b41122d1067,darkweb_forum_x
ariana.jennings@acme.com,00d643e8a428e30b8b58e38f1617fa57994fc17b0c85881d1ce389f66e87e7bd,darkweb_forum_x
francisco11@example.org,832c4c9803b8cf427555b50e04c47ce596bc8decd8acfed88fffedeb9eac68a6,darkweb_forum_x
haneykrystal@example.net,3af048b5241cb27c31ed4541a0c2eee53bf390d463f12cced5cf44e927dc5a12,darkweb_forum_x
andrewbautista@example.org,adab321d2f8967ff08a61d781a342cf2ff04dd66f0a6d4177b7333035ea414e0,darkweb_forum_x
andrea13@example.net,5be7b2c8b1803ddd21c8bc64fe4abe06fdbdbf4e6c4a64fcf14e79b9a79c8ec5,darkweb_forum_x
oclayton@example.com,aaa5fcceaa7beb95e225c159890e3e73c6775193e62be4a886e6fca21375eb5a,darkweb_forum_x
jason22@example.com,832f8f4b64903a44746d03a035a2f2240a6bcaec933c3db2ed08ed1156520c4b,darkweb_forum_x
erin.steele@acme.com,2222bd2cc765dc68614651e06f48ccb4f3c73de2c0cde250065a100223a06419,darkweb_forum_x
willie12@example.net,b9afb80527df710684441e1a9bc969a266c02481f89a0d75aee679d6b332257e,darkweb_forum_x
kevinray@example.net,ced6d9844880729340a4b441bc9abcb390d1ce17e8cf195bbf8fa25a49acfb56,darkweb_forum_x
ihardy@example.org,2c73d94a1a9240d325d5332e493c14d0a0938f6ba2832969a96d2f048165331d,darkweb_forum_x
joel79@example.com,d9eb138a6509d104ea6d049c7e11a0494efa06a4c2b21f21422efff91e28b6f1,darkweb_forum_x
jonesjennifer@example.net,5f71fe48b08da23c8ac5048ae1fc01741e0125c8f7330523a80d00d2efd21d76,darkweb_forum_x
petersonkyle@example.org,9ec6cba0cf067e2ee344571e82f9e458c7a426fd04347e7e057be6fd0135ab5d,darkweb_forum_x
robbinszachary@example.org,f2e8181ec7be36bd1db5934e6d4f3d7b0228efbf40d794c0655af4af88aad407,darkweb_forum_x
erinhernandez@example.net,d753317d83cfb7f0f2155849f613a9dbb3a62187e7189beac869020decd277e8,darkweb_forum_x
allen20@example.net,9ec1046b26c80eb6525accd20e06096e85a32905f64f4aed99a64b149a42ea1c,darkweb_forum_x
hbriggs@example.net,c2864d84afb577f53fbf9d61992007f5b7ab452625b60d9604ac34e7aa77e605,darkweb_forum_x
xfinley@example.com,6e03e58194f697b848446ec2eadb26999da99828cca336e1939ec8e9c3510be9,darkweb_forum_x
roberthernandez@example.com,d2e0a89a6acf77199bd91afac7ffc4208c118bd7ab196525d848d5bf169dd61d,darkweb_forum_x
samantha60@example.org,67a3c79e80d324a1350aac54bc37ee8687ba98eb29684b7995eff2798a21e8a1,darkweb_forum_x
jessica94@example.org,d7feb16e27c6c5bdb3a2d434db7ccae4aa0deae8c8f7177fde37215a195448ed,darkweb_forum_x
ramoswilliam@example.org,8fa43e6a9c38ba1bbe520fdad9a916cd76789449a6830b2cbea73ea089ab7c2d,darkweb_forum_x
stephanie55@example.org,218b91967760d6e3827e392822a0436a8a4f15f9c7585bdc015e385d9c867eb2,darkweb_forum_x
emily77@example.org,ea4632f714c51886a93ce95986b38975bdd5570416da9bdc0372d0499e2005e1,darkweb_forum_x
koneal@example.org,54eff2f0644900a45150f18b1e26e12e3e8e47905f4e4b48947e77b4422cf53c,darkweb_forum_x
martinezgeorge@example.com,562db0831fb7ce198558fedc5a35f9b3e65c9d85e0bf4ba579b20f6a437734c3,darkweb_forum_x
pittsrhonda@example.org,07629cf6714a61bf4033e71a0466a4baa5da0e8ac2d820e4d72577cac2f206b3,darkweb_forum_x
crystal02@example.com,7dd4fac3b814537608d7a95cc2122677706ce9d291fd14cbf5322871722ce113,darkweb_forum_x
mcgeejohn@example.com,4343d5b72bc92ee9e111d1c547367ffee22943114e87cd4d53d05aa5e8c8fa13,darkweb_forum_x
bobbylandry@example.net,47fb22b542f9ca03af2638936a25bfcbb4f04f5753903486830d3b5840c9f521,darkweb_forum_x
ucervantes@example.com,fe19fe1ac9f45e08e8389c9ec12bc9e4b0c6794622a78a389b5176a4d423ad6e,darkweb_forum_x
rickyriley@example.org,cf39aff077fb202ab75a4e330ba844fe332269a8c1475b22525984aa3cb46d69,darkweb_forum_x
heather24@example.org,aeba78c7d035fa3c61c5602f237b9337d70796f4398113822ed2cc4b8314a729,darkweb_forum_x
marcus61@example.com,7ba28e5e60a63f547aa2a78cefbdea7b92ebae95837419b207edfd3cfb41c4e8,darkweb_forum_x
sean.anderson@acme.com,f57fb6a0bcfe73212d4cf1a3af427719d131bbc1774ade71746faed75a8781f4,darkweb_forum_x
alexischen@example.com,4b401ab5d841d9b55f9c9b4f33d72d07f1a255d239a2b0f5c303daadaeed05a2,darkweb_forum_x
alan48@example.net,525e230fbc7913d91a237fd15c8aba72171c49b73479b8478e62c2fb5dd668ff,darkweb_forum_x
sbailey@example.com,edd08b7ccaad024d507382fb8147daadb87293a45178fb66fe3264d11559ce29,darkweb_forum_x
wkelley@example.com,ce5e8e9abeafcd465a23dfa4f25682d8952e350b1280d1f22dcd3165be8022fe,darkweb_forum_x
lisa81@example.com,3cf4cc2730630a3c8d23eb5e4685e7b7839929b571159b9a2a7c74136604447e,darkweb_forum_x
leon.reyes@acme.com,1245d8e27896bacc4346632fe85da629fb2e54fabb147125a4bfd77c1891b190,darkweb_forum_x
zpowers@example.com,e3a6e9f0c9bac0d2c818ad273e7bf83dd6c2bff677cfff2362d50a4f55acde03,darkweb_forum_x
gwolfe@example.com,ce6ae8215b39a32bcc9ebde01e4817250fd58dccbfee69e9f82e1ffb74fd5ce7,darkweb_forum_x
codykelly@example.net,caf374620bcf6176daa5296f294b08616820af1ffe6376b1bb83230fbdeb9c76,darkweb_forum_x
johnwang@example.com,698d24294ac4ead5a2ab446f0ca2825de2b7d001e29a576d4c576ae578b65026,darkweb_forum_x
mestes@example.net,840b4060c11dec9b2e5fbf22d29b8b9dbbcb9974f56ea58a8e219e32dc156bcd,darkweb_forum_x
william16@example.org,eb248d9dfcbc6648f45d49dc91489d37bea68d8b4ae01079836ff9f03565d3a6,darkweb_forum_x
marcoconnell@example.org,002d8a44e6448b23c85f1cdd86fbeff758a2fbaf3e1ab04d5e78c036b2dcc8b8,darkweb_forum_x
amber12@example.com,47b23c5e0267ebb0264a2b7aea6751ba27bee5ad527cec39c72f941e953cdca8,darkweb_forum_x
yeseniagoodwin@example.net,9e570c3836e0b47d34d8e08534e43a09c8b942ccd14141afe1258b68f55bd620,darkweb_forum_x
zwhite@example.net,9eb76f1faaa91b58f7c767f63d1cc6c36d396875a6714731a0b0ee1c12807ed9,darkweb_forum_x
helen91@example.net,0a9bd210425039b76fe1aa5d1613d549b2d2e9a4afd6cfeb1a093181d4763e7f,darkweb_forum_x
kristy74@example.net,ab38ba63b4beaf10f7f1e4a823f4f8f5b9a6526ca0f12fd8a39038a535afe502,darkweb_forum_x
donna72@example.net,d83f2d0da59de2659cddc5b1a826ba5eb56ad71eb201ea7f889a2c26508bafaa,darkweb_forum_x
allison14@example.org,7573e0f203e04570de95acb6dc7a28133357c518dedd0eee65708730cc82d878,darkweb_forum_x
zacharymendez@example.com,3cd59a2b316937d906850a1208d6d5c53a72595c9e9fd8e2f09ec41e4bb07799,darkweb_forum_x
ashleynash@example.org,1c7d2223781c5eb73b3bc2a0c2b4aab72ad335a3f086c3816ea91016030538e8,darkweb_forum_x
donald.farmer@acme.com,33be47b2db5686e1226ae927c47fa659451fc209b933bb8eed36c60f5f2de5e5,darkweb_forum_x
brandonsmith@example.org,2857dc095a5e341a58f6d07b0eeb64d1da6839b3182c848c55487ea5f613425f,darkweb_forum_x
lorraine79@example.org,86067d8a5d1aed6800e27f97d6aa04260400f3ff96b9ffbe8df7dbdfcd97a722,darkweb_forum_x
jmcfarland@example.com,d4e78e909ff92d1e4be7f3f70a835fbc4dc1eaf744414af50497d9e94bcf7371,darkweb_forum_x
morganmatthew@example.net,6b741455c1e98c06c34a9c8c333d1ca6ff2eb3c7c5c22cdf7460ffd7f71caa31,darkweb_forum_x
kevinroberts@example.com,c6c58e5f3f07c2b2da70f2311ea5696b5950c0dc96fed22c8c9fbb0cf8b44043,darkweb_forum_x
thomasantonio@example.net,d4e75b42637c27f5f0d57cdebecb14ac5391479292ed5d97c00274c88577c440,darkweb_forum_x
hollyhunter@example.com,169c24cea01306a9e0364b8c3d0c047b8b8387a8b7aa9387d501b926f62f397c,darkweb_forum_x
foxashley@example.com,59c257350e0b23b1681388cf3192734ac0940501f1cb600b50fb288cd6cf2515,darkweb_forum_x
martinezjesse@example.net,27597bdf46faa0c1dcbd83334760871c672a911570d487b6c5d571e65cc36e5e,darkweb_forum_x
zturner@example.net,319d4c79de137ebba8aafd4d856681f0be169f9d8ad0c28030ece2d6206870f3,darkweb_forum_x
timothy15@example.net,6b097fd03289e769ac9045844de1439518eab9e5d9744450bf7a2d087cade0d9,darkweb_forum_x
carol30@example.net,6eee0376f45af6a9d0563504f7a75a320e11f18b423522424b53cf6bdcec049e,darkweb_forum_x
alex18@example.com,dda34a227083387e44840b55efb681a5d02b7a238fee2e915c06d385f2f21316,darkweb_forum_x
kgoodman@example.org,05d21c9e6dce069dfc1af0ac960ad1d1e53619e1c2adbfc2e511b4a72388202b,darkweb_forum_x
heather29@example.net,fc50a93cf08eb5dae803e1a097d16cf026cf96c9bf72b957e666b57e264fac71,darkweb_forum_x
perezcourtney@example.com,d7528e155e26d2f636d2c1a0dcc784bdfb7ce053ad0cb56f0d3aa9b3a5474f35,darkweb_forum_x
brandon32@example.net,c671760890f4e00d99aaa9e94d9010e2cd114a121c72afb7ac1606cb365c0091,darkweb_forum_x
eramirez@example.com,b36846827e13a64c24140103948dbef40a3c5920ab0ad35ec6bcc69d9fc6e70b,darkweb_forum_x
allenphillip@example.com,32708df9dfb272c7c5ebfbb4ab4b5b42f02ac2861e2878c08f4b26fc4079b2a1,darkweb_forum_x
georgecollins@example.com,b3448339b4fbcfdaf409d27c1be70cab4234d55b979a3ad145ebfcddc9cef063,darkweb_forum_x
sstevenson@example.org,b2a410b31d22e378833d421eeb6f53f098936871b006f4eb3f3e4e009dd3b80e,darkweb_forum_x
michael.lyons@acme.com,cd8789ad8214cc4eac3e88a59ebc23a98757773ec1dbf46e43e27572ee46ffea,darkweb_forum_x
brent.rodgers@acme.com,06f72f2d40e15c2149df1b0123d9ae92d59a0521e3803bcb4bc67a64e726e765,darkweb_forum_x
nwilson@example.com,281323792f203e30372be966e5ccd2cf61fbf1ffc5911e5a24862c244e5cbbd6,darkweb_forum_x
jeremiah56@example.net,5266524ee5b3d57dc7e4895dc66813d3e6a3984687dd4b789b13e34161e517ec,darkweb_forum_x
hcruz@example.org,eeaf41b8592e825785c9436e0c4024d8d13b2981c31db4c3a89aff1b67925161,darkweb_forum_x
emiller@example.org,fbaf4cb5a8111f62129e007aa641b611d108720c1c9dbf6af944e2241eaf26ad,darkweb_forum_x
michaelfarley@example.net,4f35467d31da631e23efb8ed0207efae260c43cce5996024fa265738b4c5f3a1,darkweb_forum_x
stacyharris@example.org,c334765b893d9a93f331c789cbc62f8e5b1da21c1f2c323fefa19b88ed97566d,darkweb_forum_x
josephrivera@example.net,5a75ce26d69e87b291fd82bfa9f8e7b60854bebee8642f5016b948fe0aff7a2c,darkweb_forum_x
wigginsjesse@example.net,9c7b36f49eb3361896503d57d6504a9ef656dfc3a39f0216ef0c3d3a68cbde5f,darkweb_forum_x
christopherrobertson@example.org,a471d128259bdb4d4a0a08bbffac3b5bd4c35c4a889670dfb4fd0f41d6f3d792,darkweb_forum_x
icraig@example.com,640e0b634b252044f3bc6f4121896b22e32025b6f429f0fe88fb183827efa12a,darkweb_forum_x
taylor17@example.com,50ae864eb867083c9482eda3f2d030f8aee755a0488842e841dce18df971ce9b,darkweb_forum_x
hmendez@example.com,244653971fb7991b6b95a4de531311a573172599205824027e804d58b9ec162b,darkweb_forum_x
david96@example.org,a0cef852c181041efa704423e5ed1b2563e7ca0c8c022c7a405e64707ec26dc6,darkweb_forum_x
whitejesus@example.net,612b5fad6e259ccb787731f0df4cdab41ef259428789a4bee0599bfeb2bca898,darkweb_forum_x
barbarachen@example.org,5667d0a974b1b6142810da5d21dd6dde24aef107fa0f9d4fb420f7ff89578962,darkweb_forum_x
brooke.thompson@acme.com,6f4a56a5ace6733bb864dbca1f94eae27ac4d5c750bfcf4153d2b577bd9c40f8,darkweb_forum_x
jonesnathan@example.org,7c0168775d3b7647e2f21a1f4842a7f103958ed8fb9efeb3f123681a5cfc030b,darkweb_forum_x
poncedonna@example.com,f7f7074501ff11a5f684eaaebb973c69b09efb50e4650712ce84a959e6d1447a,darkweb_forum_x
evan49@example.com,2509063f69b804bf0838edd8440267df0a28d83c18eea084d74c34fcb6c455de,darkweb_forum_x
lauracollins@example.com,5af80f4e01d8313b557a0ca16171350c06dd70eb205580ba45397e748320e025,darkweb_forum_x
yvaldez@example.com,b2cda2053b42da3bbdb829731e903a143a2ed71077206d7b5b4a4019bc3f6ddc,darkweb_forum_x
vaughansandra@example.net,67ad4d97bdeb3033d168ad18eeab08e1854dd9437b5a3e0c9a39ac6ad1a835e0,darkweb_forum_x
davidsmith@example.net,57e677038828e9b31d541eb5b4c02d0b899d93ce183dba19bf2044f898983415,darkweb_forum_x
wilsondorothy@example.org,78e1bb0db3ad1cfd350f41820cb5dccf961bf804ebc5af71f2a81bd3dd64689c,darkweb_forum_x
feliciasalazar@example.com,9685f57b5d02e3b012afdbde7d73ed171bc547ae0f9c397c0017058298f01a8a,darkweb_forum_x
johnsondavid@example.org,9de6c7112dda2d8bf98516d2cc6a59e66081f35a5990e06aad3394aa88cb3206,darkweb_forum_x
rgarcia@example.org,5710a309781f10b9591e3b9a0426e9d38d6eccd6226c938b504167b1ad48a446,darkweb_forum_x
simmonschris@example.org,75d32b68e4d99547116d844cdfdb18c2b66b8fd68c117c43b89fdbe80c86f6c7,darkweb_forum_x
vgutierrez@example.com,ca1852ecd0757dfb678414232211883b684651da7cdbc595d9b9b61a3b5baba7,darkweb_forum_x
nnelson@example.com,4dc7949868bf5068fa605e28caad0ccbd6db767e87883f318fa0405c1fe4688c,darkweb_forum_x
stevenssamuel@example.net,0014fc65659f400d7e46c0b4b6ca27f1cbb4caeab8f9218ba095df1eefc0c785,darkweb_forum_x
jpowers@example.org,62781bbfce3bf41f6eebf0e5d9e885c837be72911a1d2ccbc39624c09aaeb53b,darkweb_forum_x
bensonpaul@example.net,c6a402952bc22da7fa56448bd7172de833527f3e7c36ce8dd849a143973c2955,darkweb_forum_x
melissafrederick@example.net,6ffafb35dab7e359e161f4ca9b80043d811eadd65ec4997b974eb026c0540e61,darkweb_forum_x
thomasmaldonado@example.com,9918fde5dbadc196ba074ef2d72b3086afa18f8aa687d0fa45d099f8168c7a36,darkweb_forum_x
griffinkenneth@example.org,a02e1ba04503ee62b2f93d4e889e7b31ccf79b8b9c9a37a95d6427c118778918,darkweb_forum_x
sandersjesse@example.com,f442bb778810b0dd5ed9695cc529379387638d397547757d623128c02b0bc676,darkweb_forum_x
latoya.robbins@acme.com,4676cca1817325ea1f55c22095b5b18c408fb07ddc8d2c9a999de823c87d5387,darkweb_forum_x
anthonyharris@example.com,0647efeffe5fa3092fa787af8c75a624afa701bb5fec132a952b2fafa249aa0c,darkweb_forum_x
wanda98@example.net,3fb16d01517be784f804af54d0d1a05e8752e1b9c9d0a40a52a2af73317b32ad,darkweb_forum_x
nicholaswalker@example.com,7992588d1b08376c3ea88af65d0245e9bee57374b7d83c03385eb0f95679bd91,darkweb_forum_x
melinda24@example.com,3954491a5ee82a434c17af240bcdf482fe31c63dde74992859b6f1289e884623,darkweb_forum_x
francis70@example.com,ed3c5730fd09dfb2e651caf359495216a3f73631faa8e4a9859f23c0682f4af7,darkweb_forum_x
lauren51@example.org,22e1dbc6561684146a8e3f9633e280ca0250e4c8b25e4e72dd1e5f131b03d14c,darkweb_forum_x
hjohnson@example.com,e401bb86bc3d14585afefcafb6631cb41941f997d610bdfc16f49658e0cc123d,darkweb_forum_x
xwoods@example.org,87fc8b6e0d994ac2ceb0be3eec0c4d963bbc395ea939a7f98025f97d6846b675,darkweb_forum_x
debrareynolds@example.com,3276ba364a22daf37cae92dae8cb2b2249fa891c3f769c9276ec55132b38bc86,darkweb_forum_x
knelson@example.org,94896d7c32555020ee9aadfb6dd3f0a787381f6b89c781649a559d39d051724e,darkweb_forum_x
matthew60@example.net,8a36650f59d1d92555db1df940d50f8637001ea828487fdafe5ee48f26d82844,darkweb_forum_x
kwells@example.org,43bf016714a15d030112a7f2d3afc0331e5654662dff518593c827e05808ec03,darkweb_forum_x
patty20@example.org,42a74908103f6ab950fc680275d50377d2e6b119fd3634b9dd4183c414b6b85f,darkweb_forum_x
cheryl.ortega@acme.com,d004ef0f12d11ea05a15ef95ff058c5ab74bd31d160e71cfa7db51cb069cb69e,darkweb_forum_x
macdonaldkim@example.com,740e7b34372a58a2a9378c164a542754e4c75f3ffafd8abb47fb25a4f220b5d1,darkweb_forum_x
nalexander@example.org,20ecc9645e75e2c69059ab3c1920d56fede81f4f137582ce9484bea177168aef,darkweb_forum_x
amydickson@example.com,36849019b90e6b35efe284abf8e9add219745df6bfca72b214f27ff304ef8168,darkweb_forum_x
martha77@example.org,f899e84eb7c6b031a47d5aaaa7e6595f91df86a1dcb7f6bedf2c2324995a986a,darkweb_forum_x
benjamin10@example.org,5fdd537d4a59beaaf89073a6041f2fe7e13bee7172828dff9634f8793b8f53a6,darkweb_forum_x
kelly.sims@acme.com,ebb1ee42476228ffd3d67fdabf6c87d0962fccc9439d87cdbb8b82019df216d1,darkweb_forum_x
jeffrey.johnson@acme.com,3f4af862059da6208d8eb361f2a65f762bb7fb68c146229e924dd819e017e6ba,darkweb_forum_x
adamstabitha@example.net,0752132468fa282d15cae87a0e1f96d10ca79bc309ff0022d9acef7b60e98f91,darkweb_forum_x
thomasdonald@example.org,24c42a278fe6d41e6edff7ec769d8722136035061e8968559f41c80479a6b533,darkweb_forum_x
hartmanerik@example.net,77252c6838f9c5f2bf35320e258a2d2b770e050caac016236a2f814a7b2314bd,darkweb_forum_x
timothyrobertson@example.net,8a6da03fdacbb47093405ccf4040219bb6e0b515454a45ebee5d06606428cec2,darkweb_forum_x
rebecca85@example.com,2f135adc527c2604fcb7e8e8818ca37259ee946ce61172592908bd525a372c5a,darkweb_forum_x
tmyers@example.net,86882810e68f4bccf2f63839e6f55ee62d96d9dc16c10eea69cfb178ce16049f,darkweb_forum_x
bernardrobert@example.org,195dbbe899943a394615ac07b8872b6bc906ef22e21c4f0403c80f729fd3257d,darkweb_forum_x
thompsoncatherine@example.com,298b235a7935befcf900519a1ac4dca0f1e967634e4193cd0a43f1e0bfecdac1,darkweb_forum_x
codyarnold@example.net,569a3618e431dda3989515db65b804121b85d9807eb38b45adb07e80df0f2120,darkweb_forum_x
zgonzalez@example.net,f7bfcdbd0a327b022a9848e9a70acd552934d83d2e656aa7ba5486ef29bcf71b,darkweb_forum_x
shortsharon@example.net,d405740bd8e733faeedec47d28c8908fa406e3a27d5d45fae5ce28a466336c20,darkweb_forum_x
sanchezcrystal@example.net,f93725b0db5edcb4de2446e0a1b9e9eab299a89dea7bc83df7f98b6a3f3df431,darkweb_forum_x
michael08@example.org,627aa52e463aab98b4992f33b926e9b7a31f155f04844e8b04e658f5046e44b6,darkweb_forum_x
mannleroy@example.org,1e0e10981fbbe16ff371305385305072e16b9dc2ae878d18e1870626cbf70ee3,darkweb_forum_x
ashley.waller@acme.com,583556143fa09d9bd8214fae1f61ef2536e8f899d2140aac4062839dc5f70361,darkweb_forum_x
brianscott@example.org,9d6cdc284a2fa6207b1d81936df258f06504af150b1b4e02b85dc7525c6e183d,darkweb_forum_x
raymond12@example.com,ca010b8318853aa3bb00a05638218dfc9d6302b9d10f2a66e3f8beec17a91837,darkweb_forum_x
