name,email,phone,password_hash,auth0_user_id
Allison Hill,allison.hill@acme.com,+1XXXXXXXXXX,fdcf9060d067b55644ae0631b1b81639176f4bd5a91e755eaee90257fbb38606,auth0|demo_000
Gina Moore,gina.moore@acme.com,+1XXXXXXXXXX,e3c3f4e0bfcb5fefd3a7301f1f155c25c54d22723cc72814dfcdf1499a3e4c00,auth0|demo_001
Darren Roberts,darren.roberts@acme.com,+1-335-503-0564,44276278c686e7319c04686aa17f5fc1a06934fd61cc609beb1dcc9904b27c11,auth0|demo_002
Latoya Robbins,latoya.robbins@acme.com,(669)216-6978,4676cca1817325ea1f55c22095b5b18c408fb07ddc8d2c9a999de823c87d5387,auth0|demo_003
Ashley Dyer,ashley.dyer@acme.com,+1-357-901-5430x391,ce237db1d45f61e7075d098faa005b316e0df7f449ab75b60546e1ca6a287fba,auth0|demo_004
Vanessa Patel,vanessa.patel@acme.com,215.309.8393,a8ddf47c13f3e2e81decc505efcad4e418e22eb6d4a15d71fceb1509cb603995,auth0|demo_005
Amy Jones,amy.jones@acme.com,+1-610-965-1333x87262,83577d5867614dc77757bf4f8633199e8ad60e9efdcbdee99db5adc48ceee313,auth0|demo_006
Thomas Ramos,thomas.ramos@acme.com,001-287-923-4309x8050,9ff3cceefe97e0d83290cccf5df4e9f8722c9fff10e69369fbbab6208fcfe355,auth0|demo_007
Sarah Moore,sarah.moore@acme.com,946.324.7510,2c9664f16163dc88ecec2dd4697ae61aa3dd2fdb5df999147e27cdc5e95288b8,auth0|demo_008
Daniel Baker,daniel.baker@acme.com,(944)693-5348,d4d7071f7d021c100e2ac5bad87888e5804db6c93604343860e9a09d948accca,auth0|demo_009
Sarah Davis,sarah.davis@acme.com,(420)545-0533x15869,9e5c3a87581d1ef7ae735489668e33c8e60af174fa138a5ecedbbf2fc3a21331,auth0|demo_010
Vanessa Cochran,vanessa.cochran@acme.com,803.765.4145,71abbd94d4b76073ff29a8a8c554a55677b5248008143df46edd6e7b04465992,auth0|demo_011
Ashley Waller,ashley.waller@acme.com,(861)659-5148x465,226401552e7490b093123e898b2d215a79cd9890f69c78f1bb03e1419bc5a89b,auth0|demo_012
Cheryl Ortega,cheryl.ortega@acme.com,989-351-3433x2003,881829de9b665bf4102e76317a05507360618bd872716831760c4309e3a502e3,auth0|demo_013
Stephen Johnston,stephen.johnston@acme.com,589.657.9868x72774,f825df218dc9cf1db208a7264d6ca36a06da07a1038729d9c348fa1e9c2584cd,auth0|demo_014
Kelly Sims,kelly.sims@acme.com,5969705466,e114a5d55a2f0d5d8d0823d0305c33fc9d2da3ef4202c79451f94b7c42ad71e9,auth0|demo_015
Jeffrey Johnson,jeffrey.johnson@acme.com,264-517-0805x310,ee6c12b0df7b45ca20d4f04b142c688c8710bdfbc08f22039eb788b9e9164933,auth0|demo_016
Alex Hernandez,alex.hernandez@acme.com,(831)793-1491x9058,f2a437176a5689e65eda45c337c85e3f6e517cff026a774d8fcef429e95e9d7f,auth0|demo_017
Matthew Smith,matthew.smith@acme.com,714.273.7996,58341183c02a4f18be652bc4f5d33ca29e4e2a01a4a2b81cccded855cda28a32,auth0|demo_018
Frederick Freeman MD,frederick.freeman.md@acme.com,001-734-995-7885x685,3ab7a4e42e393f3a4c497164ec2b878baf2ab36e2b22f1ef5774008e9311dc26,auth0|demo_019
David Martinez,david.martinez@acme.com,+1-324-200-8427,c917bf32d6950df3e9c3b5cbc02345ed7434b76f9c3b573c50499664ee7d6cc9,auth0|demo_020
Julie Alexander,julie.alexander@acme.com,574.696.4990x913,1156d8973c11ec448a475dc9fa39323a2f019dd972f0326bcf87c0413f81fc3f,auth0|demo_021
Brooke Thompson,brooke.thompson@acme.com,624.921.0249,10d0cea533cd47d81aee78838795eec16d51c0cac3ff716a3811a921b217ebfc,auth0|demo_022
Michael Lyons,michael.lyons@acme.com,787.342.9671x7565,6a1beec0fadbe8a7b7f60cd8517cae509af35ad1887aa354ccf2a35c6f8911c3,auth0|demo_023
Erin Steele,erin.steele@acme.com,548.424.7710,cfc8202d3003ae0c540eb13e2f690cf52362b8436f0eb3b00ab05fac115a9acb,auth0|demo_024
Adam Russell,adam.russell@acme.com,001-965-784-0449x97278,13632a25135ddca4267ec372d3ef76ffdef347fc5ab791fb5292e46f4a764071,auth0|demo_025
Phillip Bennett,phillip.bennett@acme.com,817-318-7026x21745,3bdf10c6ab68a08e74b24a852e44afeac230254cab6ae4c92730bf983e21fee0,auth0|demo_026
Sarah Villarreal,sarah.villarreal@acme.com,400-450-4556x2386,9584f78335e1eecc463f5904793c19d8fa1c3e815073486320a9a5392c9c1318,auth0|demo_027
Leon Reyes,leon.reyes@acme.com,643.267.1369x594,ae116edb752d2e6a14b85e34a50cf24d813129d62a189ae5c910a318964e5c74,auth0|demo_028
Mary Hill,mary.hill@acme.com,709.652.1456x232,39728a90b884cf22e0f01c1f7ff6d1f400988eb22ee3078d3db69089a4031a43,auth0|demo_029
Dawn Summers,dawn.summers@acme.com,(549)365-1370x985,b83f5136296aefb5cda67a7909f4e7816e5896d7114638853c6a366c76c4acb1,auth0|demo_030
Julie Haynes,julie.haynes@acme.com,979-564-0537,f3b8b9aaacc08134ad28bb1279d4693514e47fc2f6b957edc889e2fd01068a76,auth0|demo_031
Ariana Jennings,ariana.jennings@acme.com,635.429.0422,8d6facb7c4b2a862dd812f645b948701b3fed145283ec704cb2b0a2245fae123,auth0|demo_032
Sean Anderson,sean.anderson@acme.com,400.376.6177x115,db51c582ea53508dbb83bb73bf091ace0ffa27f257654013deb31400d76b6aab,auth0|demo_033
Marcus Richards,marcus.richards@acme.com,356-354-5271,5076095b1dfc18545d20963672660269864dc5230dc22c0c0813d28f092b621d,auth0|demo_034
Brent Rodgers,brent.rodgers@acme.com,231.658.5149x3689,25811fd50ca0fd95a7290f16f02aa3c523f80450b2cc25ac4f7d770613d3002f,auth0|demo_035
Donald Farmer,donald.farmer@acme.com,(990)814-7679,f7060df7c34e7f4660f043b1a75679958c3badf8f64818c78f00e34da63e6594,auth0|demo_036
Paul Wilson,paul.wilson@acme.com,(826)283-8851,b8fc8dfde217fef4f4d1e86fb6b1ecf4e103f9a5e0c49fa44fa458326295fe22,auth0|demo_037
Joe Miller,joe.miller@acme.com,(745)435-2181x8835,415b5cdf89d4c5cbb1064f05442279bf6df35fb0b99548971626e5d64e4ac497,auth0|demo_038
Charles Gonzalez,charles.gonzalez@acme.com,377-644-9058,2013735cdf62666d71b4201d97c253bb87e6062c7497d7d5b127c6c41ef90dba,auth0|demo_039
Andrew Wood,andrew.wood@acme.com,001-718-720-3778x892,67d2794edc4110bafa021f640a73b2f85cb64e9561466d88e288e951624daba6,auth0|demo_040
Jasmine Schroeder,jasmine.schroeder@acme.com,+1-762-291-4865x28168,cc596e0a93a14e89d53464775aec41ce2d32fbab8a960bb500135e3bb8f7f169,auth0|demo_041
Christopher Lewis,christopher.lewis@acme.com,5656379473,63a2fee007f67c03468bc05ad18136f5f67d12622f9792ef54c8c37c50fa149c,auth0|demo_042
Rachel Mckee,rachel.mckee@acme.com,924-778-2613,89a74153e1ee94dc390eff8607214cf15311da69e39ad6aea62230210ea1c334,auth0|demo_043
Jennifer Sanders,jennifer.sanders@acme.com,6435289861,62ac6fd997819b68ae4bf1ee8e66f444a0b5f15dbaaa2f4c0538dec8daf63080,auth0|demo_044
Anthony Barnes,anthony.barnes@acme.com,(770)465-4051x5319,9501dc74b9ea0995b0cee75d9d43ae71b4eb81f46f8d00b4eec48aaab6a67adb,auth0|demo_045
Joshua Li,joshua.li@acme.com,001-434-950-5415x66765,994f4e439ff9c65eb9186b89c60d2e8b62fb7175aa6721f0da398951b4a8f09c,auth0|demo_046
Holly Salinas,holly.salinas@acme.com,(340)516-5820x29702,18f3d35eabf419d6d675db377ad7215def03a02f9f0b88207872d53703203109,auth0|demo_047
Holly Reyes,holly.reyes@acme.com,001-347-739-4731x21727,f843e4c212ac24d0f7e59d2f78f0d24aa1721c00bdb04323883e390e0dae7c71,auth0|demo_048
Michelle Pierce,michelle.pierce@acme.com,446-778-6691,2c3656e8bec645e07b750bd5d49da87533aa75cce198c217d54c5c79ddededca,auth0|demo_049
Joanna Frazier,joanna.frazier@acme.com,+1-484-724-9818x2992,83d76c4e4da20fec315a8e10febac8a4fcacaeb7c6ce078bb7697260480720e7,auth0|demo_050
Kristy Bryan,kristy.bryan@acme.com,001-702-776-7735x925,254ef73fcedf0566c04c41580b21247c86c79c22c9c8364577b479ff9958ceb8,auth0|demo_051
Bianca Wood,bianca.wood@acme.com,277.247.0168x73395,0f7d2ec61ff17ee0fe072b6bdbca771eaf140a8ee30ded03c3e46da955753db3,auth0|demo_052
Kyle Cameron,kyle.cameron@acme.com,+1-891-221-6558x52398,ded08285aeb22320f5e446b5b59eea94b7c1000c91cfe6d320f7500cccc64a59,auth0|demo_053
Chad Cook,chad.cook@acme.com,916-494-0974x99309,6c6a869b6b4fd99a003fb5fdfbe419eb812198a7f8041ce12bef17954e71d562,auth0|demo_054
Michelle Hampton,michelle.hampton@acme.com,785.778.6527,c44a357f036c447534a547e7aedb5066c05bee67d3b8da23898d682220494e39,auth0|demo_055
Sharon Becker,sharon.becker@acme.com,+1-586-565-2404x15747,3a4b3881393355dfd40807032f4d69bac0dd4d0b33bbcdcdd187caaa39f1b55e,auth0|demo_056
Denise Hoffman,denise.hoffman@acme.com,434.254.0193x8026,f109ba6232bbd9b4dbf757169bdb46df4eacfbcea8d22133bc17209c6dd3bf93,auth0|demo_057
Jennifer Simpson DVM,jennifer.simpson.dvm@acme.com,720-354-9329x668,47ee36d1632fd4d3f167c09aa745a0a80ffdd87aa5404a2e801b1ff2d5a9e322,auth0|demo_058
Brandon Holden,brandon.holden@acme.com,001-841-945-9332x72795,83c6e84637437ed721ad4e25ebffb67093a23b93fd32452d9599a30203372070,auth0|demo_059
Rebecca Petersen,rebecca.petersen@acme.com,918.670.7286x7908,82f21e6dcb1609713391c179dc294e42aa99f797c4adeec4c6ff2b00ee7e5c4d,auth0|demo_060
Jennifer Velasquez,jennifer.velasquez@acme.com,(261)282-5128x6823,3dcc51d282c9ebf9d35c8f29a17665ad2343da56a50ec5e6a7d24d5411db480b,auth0|demo_061
Julie Ball,julie.ball@acme.com,+1-603-506-7383x028,f3836d0dfabc90e413c5462038407f79a6eeedb4869489a9040b11debd1023e6,auth0|demo_062
Monique Flores,monique.flores@acme.com,266-824-6287x33427,6170dd6b2a7bbfda28fbaff64f5b77fae96319cc67dfb273bc4ea13f0a85d1b7,auth0|demo_063
Kristin Anderson,kristin.anderson@acme.com,535.740.3317x3936,2d5269ab08d01064fd60c8eb841cd33a7e10bd4c49931aab2dc5037cd22a9ec6,auth0|demo_064
Jamie Ferguson,jamie.ferguson@acme.com,(942)935-3693x78547,d23b1514ef15d50727dae1556e16900dae1f9a28ea6468d1a65e42ba5941bcc6,auth0|demo_065
Robert Jackson,robert.jackson@acme.com,275.609.9770x08860,31710dc21066b6386c0382c799cca0d48c321e4117369bcec5ade3520154a036,auth0|demo_066
Donna Shaw,donna.shaw@acme.com,+1-801-766-6870x0217,dd24cd694356fe1a085436d65e2bd9f6c9a60effd8b6ea9e332c7dfb4be8cd89,auth0|demo_067
Shannon Davis,shannon.davis@acme.com,(714)229-3968x5621,09f652fadedfb03e5ee8e4617e071aba03ac4b75c5e09cf7bfa2024ca075d847,auth0|demo_068
David Jones,david.jones@acme.com,342-262-6551,19059f9e54af4e71818bdad93f0c7a12ac17c7e37d66deb5976f70d9c58acea1,auth0|demo_069
Jill Juarez,jill.juarez@acme.com,826.622.4447x21264,df2b3430281bf7f87e7a5cef381009368e1397a274b740c1beaea91e7d555e11,auth0|demo_070
Mr. David Wright,mr..david.wright@acme.com,001-837-652-6547x935,3e9ea3b79a2bdd2dfb55d3be1b9e91076b8f2390e8681b314ab2b580b4a018e1,auth0|demo_071
Jenna Wilson,jenna.wilson@acme.com,826-261-7979x688,6f70df42bde33f2ab25eb36f6997f43dcdb392610bd3ecfe28d43ad2479e6bed,auth0|demo_072
Heather Woodard,heather.woodard@acme.com,001-788-299-3756x7982,f94f5fb64517ab51716d073526ca018b74f0daf57a89e405c4ccb3f09649372a,auth0|demo_073
Mr. Thomas Miller,mr..thomas.miller@acme.com,582.882.5867,85952618c1a43b005b069de416dc2716bc0176f04d9cb26330b8a2e8c2765bdd,auth0|demo_074
Charlotte Sandoval,charlotte.sandoval@acme.com,+1-478-659-6969x15579,e9d664c08ee4305650cde60d0ed80faf42bc2b68be69b2b98cd34b75b50bbb60,auth0|demo_075
Leslie Powers,leslie.powers@acme.com,890.950.7236x887,72646269f55f14cf5ba475d3789736b5e2d5eb19517ddb64b374628a483fa397,auth0|demo_076
Ryan Burns,ryan.burns@acme.com,983.361.3407x451,081a29bd2f3bf3810ea8bb49d1bc2f0984c6f20c21e3e415d311605be3083d09,auth0|demo_077
Cynthia Cochran,cynthia.cochran@acme.com,(560)842-2325,d15d714a7dc7432cf4ba16543d3f95f894fe82df6ef6710b0cf7b8cd06e0fc4c,auth0|demo_078
Kenneth Adams MD,kenneth.adams.md@acme.com,686-736-3745,644d65d0ec67a75d13cbf91be70568cf6533c853173ad08b6110603d805ab986,auth0|demo_079
Bianca Phelps,bianca.phelps@acme.com,515-920-6436x110,2044fbe01b51eb775318b35b91d92218aa264838cabe417de92f32b0eda6635d,auth0|demo_080
Kevin Stone,kevin.stone@acme.com,001-909-527-5326,d9de1904e7b08efdf3037f0638a1a7400169c85ddaddf50a9954f8a10987de0c,auth0|demo_081
Brian Goodwin,brian.goodwin@acme.com,(740)737-6137x9180,6d37b70497d31d413fccc153fb7c91066d031e24e5d9995dfc0b692c4684f5d6,auth0|demo_082
Scott Carroll,scott.carroll@acme.com,+1-589-424-1418,cc46898e3db6565e1cbfd5e0486a65d87b872e577402e4cc7a0ac38118142224,auth0|demo_083
Jeanette Walters,jeanette.walters@acme.com,(688)342-5241x056,d61da8a11173fc9246fee935576b121d0ab89b8893b9a4c70b61d745dc9e2126,auth0|demo_084
William Burton,william.burton@acme.com,(720)686-3536,373dc99a49aec486dab2368af1e437895a93a25e447518c67f369828f76acea6,auth0|demo_085
Laura Wilson,laura.wilson@acme.com,759.273.8320x603,fbaa09e25ff840bf84b43e4f508be89a3bf18c2bdd66f4abefa8cc03002e6a09,auth0|demo_086
April Sandoval,april.sandoval@acme.com,(661)699-0623,8cca694a5a334af17afaa4a064d164670012234dcf55308706e1f9791d4c6beb,auth0|demo_087
Tammy Long,tammy.long@acme.com,+1-649-403-5213x56804,13db81507e0d697b0d000b819ff5e1c73149cd578eebdf35b3ce6fcb002cccb0,auth0|demo_088
Jared Chavez,jared.chavez@acme.com,+1-972-215-1070x2966,adf7639eb4b7c790ac3af77dad445958c2dd641aa892cc9a547a5e38be6b8dc7,auth0|demo_089
Jeffery Gomez,jeffery.gomez@acme.com,(757)587-5985x6420,99faa7d558049bb788422daccc3651da356bbaa2caab4d9644fe66f84533979e,auth0|demo_090
Robert Campbell,robert.campbell@acme.com,001-555-990-5992,a3aed92a8a9e72fe423187cca3fcfe841993953d079f8c7fad904f9eeab1c9b3,auth0|demo_091
Casey Johnson,casey.johnson@acme.com,456-891-5452,9a7c6ad15cf3f8241b396700402b05817825863f217a3cfa96f783b68205a745,auth0|demo_092
Toni Banks,toni.banks@acme.com,+1-339-717-2513x552,ad5d119b8a311de6ac02938a0197c6c27364410615ceacc6f688980188a251b5,auth0|demo_093
Derek Wright,derek.wright@acme.com,404-805-4115,f7238fbb60e1530412377d83239fb7adf58799129d696ad788fe8abf41fdee86,auth0|demo_094
Benjamin Mcmahon,benjamin.mcmahon@acme.com,206-898-7205,b76192f934f3ce7cf100de088ffbf93a62de23cf229f9b5a3a7567ec3609bec1,auth0|demo_095
Rodney Weber,rodney.weber@acme.com,4473743490,292655a008e2318c589dc4a8a059ab9e3771a5c5ff181a170e29012ebb7bc3dc,auth0|demo_096
Gregg Weaver,gregg.weaver@acme.com,372-823-3206,31470282d96ea3a5d5936ad011498e6100d3705e6c86a9fc0137a2fcb4fa47fa,auth0|demo_097
Rodney Hernandez,rodney.hernandez@acme.com,991-948-5646,f827bba2d1a6e3e12a74323f18bd12962409dc2b4d6c0639a06dcd3b841e1167,auth0|demo_098
Donald Thomas,donald.thomas@acme.com,001-775-246-9137x3678,8025cda4fbecb225b1db24483c0b8d426985141d1e21aba86082c1406a799b36,auth0|demo_099
